2025/08/15 17:57:53 [notice] 1#1: signal 3 (SIGQUIT) received, shutting down
2025/08/15 17:57:53 [notice] 28#28: gracefully shutting down
2025/08/15 17:57:53 [notice] 29#29: gracefully shutting down
2025/08/15 17:57:53 [notice] 30#30: gracefully shutting down
2025/08/15 17:57:53 [notice] 28#28: exiting
2025/08/15 17:57:53 [notice] 29#29: exiting
2025/08/15 17:57:53 [notice] 32#32: gracefully shutting down
2025/08/15 17:57:53 [notice] 31#31: gracefully shutting down
2025/08/15 17:57:53 [notice] 30#30: exiting
2025/08/15 17:57:53 [notice] 33#33: gracefully shutting down
2025/08/15 17:57:53 [notice] 32#32: exiting
2025/08/15 17:57:53 [notice] 31#31: exiting
2025/08/15 17:57:53 [notice] 33#33: exiting
2025/08/15 17:57:53 [notice] 34#34: gracefully shutting down
2025/08/15 17:57:53 [notice] 29#29: exit
2025/08/15 17:57:53 [notice] 28#28: exit
2025/08/15 17:57:53 [notice] 30#30: exit
2025/08/15 17:57:53 [notice] 34#34: exiting
2025/08/15 17:57:53 [notice] 32#32: exit
2025/08/15 17:57:53 [notice] 33#33: exit
2025/08/15 17:57:53 [notice] 31#31: exit
2025/08/15 17:57:53 [notice] 34#34: exit
2025/08/15 17:57:53 [notice] 35#35: gracefully shutting down
2025/08/15 17:57:53 [notice] 35#35: exiting
2025/08/15 17:57:53 [notice] 35#35: exit
2025/08/15 17:57:53 [notice] 36#36: gracefully shutting down
2025/08/15 17:57:53 [notice] 36#36: exiting
2025/08/15 17:57:53 [notice] 36#36: exit
2025/08/15 17:57:53 [notice] 37#37: gracefully shutting down
2025/08/15 17:57:53 [notice] 39#39: gracefully shutting down
2025/08/15 17:57:53 [notice] 38#38: gracefully shutting down
2025/08/15 17:57:53 [notice] 37#37: exiting
2025/08/15 17:57:53 [notice] 39#39: exiting
2025/08/15 17:57:53 [notice] 38#38: exiting
2025/08/15 17:57:53 [notice] 37#37: exit
2025/08/15 17:57:53 [notice] 39#39: exit
2025/08/15 17:57:53 [notice] 38#38: exit
2025/08/15 17:57:53 [notice] 1#1: signal 17 (SIGCHLD) received from 37
2025/08/15 17:57:53 [notice] 1#1: worker process 34 exited with code 0
2025/08/15 17:57:53 [notice] 1#1: worker process 35 exited with code 0
2025/08/15 17:57:53 [notice] 1#1: worker process 37 exited with code 0
2025/08/15 17:57:53 [notice] 1#1: signal 29 (SIGIO) received
2025/08/15 17:57:53 [notice] 1#1: signal 17 (SIGCHLD) received from 33
2025/08/15 17:57:53 [notice] 1#1: worker process 32 exited with code 0
2025/08/15 17:57:53 [notice] 1#1: worker process 33 exited with code 0
2025/08/15 17:57:53 [notice] 1#1: signal 29 (SIGIO) received
2025/08/15 17:57:53 [notice] 1#1: signal 17 (SIGCHLD) received from 32
2025/08/15 17:57:53 [notice] 1#1: signal 17 (SIGCHLD) received from 38
2025/08/15 17:57:53 [notice] 1#1: worker process 38 exited with code 0
2025/08/15 17:57:53 [notice] 1#1: worker process 29 exited with code 0
2025/08/15 17:57:53 [notice] 1#1: signal 29 (SIGIO) received
2025/08/15 17:57:53 [notice] 1#1: signal 17 (SIGCHLD) received from 29
2025/08/15 17:57:53 [notice] 1#1: signal 17 (SIGCHLD) received from 28
2025/08/15 17:57:53 [notice] 1#1: worker process 28 exited with code 0
2025/08/15 17:57:53 [notice] 1#1: signal 29 (SIGIO) received
2025/08/15 17:57:53 [notice] 1#1: signal 17 (SIGCHLD) received from 31
2025/08/15 17:57:53 [notice] 1#1: worker process 31 exited with code 0
2025/08/15 17:57:53 [notice] 1#1: signal 29 (SIGIO) received
2025/08/15 17:57:53 [notice] 1#1: signal 17 (SIGCHLD) received from 36
2025/08/15 17:57:53 [notice] 1#1: worker process 36 exited with code 0
2025/08/15 17:57:53 [notice] 1#1: signal 29 (SIGIO) received
2025/08/15 17:57:53 [notice] 1#1: signal 17 (SIGCHLD) received from 39
2025/08/15 17:57:53 [notice] 1#1: worker process 39 exited with code 0
2025/08/15 17:57:53 [notice] 1#1: signal 29 (SIGIO) received
2025/08/15 17:57:53 [notice] 1#1: signal 17 (SIGCHLD) received from 30
2025/08/15 17:57:53 [notice] 1#1: worker process 30 exited with code 0
2025/08/15 17:57:53 [notice] 1#1: exit
2025/08/15 17:58:10 [notice] 1#1: using the "epoll" event method
2025/08/15 17:58:10 [notice] 1#1: nginx/1.29.0
2025/08/15 17:58:10 [notice] 1#1: built by gcc 12.2.0 (Debian 12.2.0-14+deb12u1) 
2025/08/15 17:58:10 [notice] 1#1: OS: Linux 6.8.0-71-generic
2025/08/15 17:58:10 [notice] 1#1: getrlimit(RLIMIT_NOFILE): 1048576:1048576
2025/08/15 17:58:10 [notice] 1#1: start worker processes
2025/08/15 17:58:10 [notice] 1#1: start worker process 28
2025/08/15 17:58:10 [notice] 1#1: start worker process 29
2025/08/15 17:58:10 [notice] 1#1: start worker process 30
2025/08/15 17:58:10 [notice] 1#1: start worker process 31
2025/08/15 17:58:10 [notice] 1#1: start worker process 32
2025/08/15 17:58:10 [notice] 1#1: start worker process 33
2025/08/15 17:58:10 [notice] 1#1: start worker process 34
2025/08/15 17:58:10 [notice] 1#1: start worker process 35
2025/08/15 17:58:10 [notice] 1#1: start worker process 36
2025/08/15 17:58:10 [notice] 1#1: start worker process 37
2025/08/15 17:58:10 [notice] 1#1: start worker process 38
2025/08/15 17:58:10 [notice] 1#1: start worker process 39
2025/08/15 17:58:22 [notice] 1#1: signal 3 (SIGQUIT) received, shutting down
2025/08/15 17:58:22 [notice] 35#35: gracefully shutting down
2025/08/15 17:58:22 [notice] 35#35: exiting
2025/08/15 17:58:22 [notice] 39#39: gracefully shutting down
2025/08/15 17:58:22 [notice] 39#39: exiting
2025/08/15 17:58:22 [notice] 35#35: exit
2025/08/15 17:58:22 [notice] 39#39: exit
2025/08/15 17:58:22 [notice] 28#28: gracefully shutting down
2025/08/15 17:58:22 [notice] 28#28: exiting
2025/08/15 17:58:22 [notice] 28#28: exit
2025/08/15 17:58:22 [notice] 29#29: gracefully shutting down
2025/08/15 17:58:22 [notice] 29#29: exiting
2025/08/15 17:58:22 [notice] 30#30: gracefully shutting down
2025/08/15 17:58:22 [notice] 30#30: exiting
2025/08/15 17:58:22 [notice] 29#29: exit
2025/08/15 17:58:22 [notice] 30#30: exit
2025/08/15 17:58:22 [notice] 31#31: gracefully shutting down
2025/08/15 17:58:22 [notice] 31#31: exiting
2025/08/15 17:58:22 [notice] 31#31: exit
2025/08/15 17:58:22 [notice] 32#32: gracefully shutting down
2025/08/15 17:58:22 [notice] 32#32: exiting
2025/08/15 17:58:22 [notice] 32#32: exit
2025/08/15 17:58:22 [notice] 33#33: gracefully shutting down
2025/08/15 17:58:22 [notice] 33#33: exiting
2025/08/15 17:58:22 [notice] 33#33: exit
2025/08/15 17:58:22 [notice] 34#34: gracefully shutting down
2025/08/15 17:58:22 [notice] 34#34: exiting
2025/08/15 17:58:22 [notice] 34#34: exit
2025/08/15 17:58:22 [notice] 36#36: gracefully shutting down
2025/08/15 17:58:22 [notice] 36#36: exiting
2025/08/15 17:58:22 [notice] 36#36: exit
2025/08/15 17:58:22 [notice] 37#37: gracefully shutting down
2025/08/15 17:58:22 [notice] 37#37: exiting
2025/08/15 17:58:22 [notice] 37#37: exit
2025/08/15 17:58:22 [notice] 38#38: gracefully shutting down
2025/08/15 17:58:22 [notice] 38#38: exiting
2025/08/15 17:58:22 [notice] 38#38: exit
2025/08/15 17:58:22 [notice] 1#1: signal 17 (SIGCHLD) received from 28
2025/08/15 17:58:22 [notice] 1#1: worker process 28 exited with code 0
2025/08/15 17:58:22 [notice] 1#1: worker process 35 exited with code 0
2025/08/15 17:58:22 [notice] 1#1: signal 29 (SIGIO) received
2025/08/15 17:58:22 [notice] 1#1: signal 17 (SIGCHLD) received from 35
2025/08/15 17:58:22 [notice] 1#1: signal 17 (SIGCHLD) received from 29
2025/08/15 17:58:22 [notice] 1#1: worker process 29 exited with code 0
2025/08/15 17:58:22 [notice] 1#1: signal 29 (SIGIO) received
2025/08/15 17:58:22 [notice] 1#1: signal 17 (SIGCHLD) received from 39
2025/08/15 17:58:22 [notice] 1#1: worker process 39 exited with code 0
2025/08/15 17:58:22 [notice] 1#1: worker process 33 exited with code 0
2025/08/15 17:58:22 [notice] 1#1: worker process 36 exited with code 0
2025/08/15 17:58:22 [notice] 1#1: worker process 30 exited with code 0
2025/08/15 17:58:22 [notice] 1#1: worker process 32 exited with code 0
2025/08/15 17:58:22 [notice] 1#1: worker process 34 exited with code 0
2025/08/15 17:58:22 [notice] 1#1: worker process 37 exited with code 0
2025/08/15 17:58:22 [notice] 1#1: worker process 38 exited with code 0
2025/08/15 17:58:22 [notice] 1#1: signal 17 (SIGCHLD) received from 33
2025/08/15 17:58:22 [notice] 1#1: worker process 31 exited with code 0
2025/08/15 17:58:22 [notice] 1#1: exit
2025/08/15 17:58:40 [notice] 1#1: using the "epoll" event method
2025/08/15 17:58:40 [notice] 1#1: nginx/1.29.0
2025/08/15 17:58:40 [notice] 1#1: built by gcc 12.2.0 (Debian 12.2.0-14+deb12u1) 
2025/08/15 17:58:40 [notice] 1#1: OS: Linux 6.8.0-71-generic
2025/08/15 17:58:40 [notice] 1#1: getrlimit(RLIMIT_NOFILE): 1048576:1048576
2025/08/15 17:58:40 [notice] 1#1: start worker processes
2025/08/15 17:58:40 [notice] 1#1: start worker process 28
2025/08/15 17:58:40 [notice] 1#1: start worker process 29
2025/08/15 17:58:40 [notice] 1#1: start worker process 30
2025/08/15 17:58:40 [notice] 1#1: start worker process 31
2025/08/15 17:58:40 [notice] 1#1: start worker process 32
2025/08/15 17:58:40 [notice] 1#1: start worker process 33
2025/08/15 17:58:40 [notice] 1#1: start worker process 34
2025/08/15 17:58:40 [notice] 1#1: start worker process 35
2025/08/15 17:58:40 [notice] 1#1: start worker process 36
2025/08/15 17:58:40 [notice] 1#1: start worker process 37
2025/08/15 17:58:40 [notice] 1#1: start worker process 38
2025/08/15 17:58:40 [notice] 1#1: start worker process 39
2025/08/15 22:34:30 [notice] 1#1: signal 3 (SIGQUIT) received, shutting down
2025/08/15 22:34:30 [notice] 30#30: gracefully shutting down
2025/08/15 22:34:30 [notice] 30#30: exiting
2025/08/15 22:34:30 [notice] 30#30: exit
2025/08/15 22:34:30 [notice] 29#29: gracefully shutting down
2025/08/15 22:34:30 [notice] 29#29: exiting
2025/08/15 22:34:30 [notice] 29#29: exit
2025/08/15 22:34:30 [notice] 31#31: gracefully shutting down
2025/08/15 22:34:30 [notice] 31#31: exiting
2025/08/15 22:34:30 [notice] 31#31: exit
2025/08/15 22:34:30 [notice] 32#32: gracefully shutting down
2025/08/15 22:34:30 [notice] 32#32: exiting
2025/08/15 22:34:30 [notice] 32#32: exit
2025/08/15 22:34:30 [notice] 28#28: gracefully shutting down
2025/08/15 22:34:30 [notice] 28#28: exiting
2025/08/15 22:34:30 [notice] 28#28: exit
2025/08/15 22:34:30 [notice] 33#33: gracefully shutting down
2025/08/15 22:34:30 [notice] 33#33: exiting
2025/08/15 22:34:30 [notice] 33#33: exit
2025/08/15 22:34:30 [notice] 34#34: gracefully shutting down
2025/08/15 22:34:30 [notice] 34#34: exiting
2025/08/15 22:34:30 [notice] 34#34: exit
2025/08/15 22:34:30 [notice] 35#35: gracefully shutting down
2025/08/15 22:34:30 [notice] 35#35: exiting
2025/08/15 22:34:30 [notice] 35#35: exit
2025/08/15 22:34:30 [notice] 36#36: gracefully shutting down
2025/08/15 22:34:30 [notice] 36#36: exiting
2025/08/15 22:34:30 [notice] 36#36: exit
2025/08/15 22:34:30 [notice] 37#37: gracefully shutting down
2025/08/15 22:34:30 [notice] 37#37: exiting
2025/08/15 22:34:30 [notice] 37#37: exit
2025/08/15 22:34:30 [notice] 38#38: gracefully shutting down
2025/08/15 22:34:30 [notice] 38#38: exiting
2025/08/15 22:34:30 [notice] 38#38: exit
2025/08/15 22:34:30 [notice] 39#39: gracefully shutting down
2025/08/15 22:34:30 [notice] 39#39: exiting
2025/08/15 22:34:30 [notice] 39#39: exit
2025/08/15 22:34:30 [notice] 1#1: signal 17 (SIGCHLD) received from 29
2025/08/15 22:34:30 [notice] 1#1: worker process 29 exited with code 0
2025/08/15 22:34:30 [notice] 1#1: signal 29 (SIGIO) received
2025/08/15 22:34:30 [notice] 1#1: signal 17 (SIGCHLD) received from 32
2025/08/15 22:34:30 [notice] 1#1: worker process 30 exited with code 0
2025/08/15 22:34:30 [notice] 1#1: worker process 32 exited with code 0
2025/08/15 22:34:30 [notice] 1#1: worker process 34 exited with code 0
2025/08/15 22:34:30 [notice] 1#1: worker process 35 exited with code 0
2025/08/15 22:34:30 [notice] 1#1: worker process 36 exited with code 0
2025/08/15 22:34:30 [notice] 1#1: worker process 31 exited with code 0
2025/08/15 22:34:30 [notice] 1#1: signal 29 (SIGIO) received
2025/08/15 22:34:30 [notice] 1#1: signal 17 (SIGCHLD) received from 35
2025/08/15 22:34:30 [notice] 1#1: signal 17 (SIGCHLD) received from 28
2025/08/15 22:34:30 [notice] 1#1: worker process 28 exited with code 0
2025/08/15 22:34:30 [notice] 1#1: signal 29 (SIGIO) received
2025/08/15 22:34:30 [notice] 1#1: signal 17 (SIGCHLD) received from 38
2025/08/15 22:34:30 [notice] 1#1: worker process 38 exited with code 0
2025/08/15 22:34:30 [notice] 1#1: signal 29 (SIGIO) received
2025/08/15 22:34:30 [notice] 1#1: signal 17 (SIGCHLD) received from 33
2025/08/15 22:34:30 [notice] 1#1: worker process 33 exited with code 0
2025/08/15 22:34:30 [notice] 1#1: worker process 37 exited with code 0
2025/08/15 22:34:30 [notice] 1#1: worker process 39 exited with code 0
2025/08/15 22:34:30 [notice] 1#1: exit
2025/10/19 19:43:55 [notice] 1#1: using the "epoll" event method
2025/10/19 19:43:55 [notice] 1#1: nginx/1.29.0
2025/10/19 19:43:55 [notice] 1#1: built by gcc 12.2.0 (Debian 12.2.0-14+deb12u1) 
2025/10/19 19:43:55 [notice] 1#1: OS: Linux 6.8.0-71-generic
2025/10/19 19:43:55 [notice] 1#1: getrlimit(RLIMIT_NOFILE): 1048576:1048576
2025/10/19 19:43:55 [notice] 1#1: start worker processes
2025/10/19 19:43:55 [notice] 1#1: start worker process 28
2025/10/19 19:43:55 [notice] 1#1: start worker process 29
2025/10/19 19:43:55 [notice] 1#1: start worker process 30
2025/10/19 19:43:55 [notice] 1#1: start worker process 31
2025/10/19 19:43:55 [notice] 1#1: start worker process 32
2025/10/19 19:43:55 [notice] 1#1: start worker process 33
2025/10/19 19:43:55 [notice] 1#1: start worker process 34
2025/10/19 19:43:55 [notice] 1#1: start worker process 35
2025/10/19 19:43:55 [notice] 1#1: start worker process 36
2025/10/19 19:43:55 [notice] 1#1: start worker process 37
2025/10/19 19:43:55 [notice] 1#1: start worker process 38
2025/10/19 19:43:55 [notice] 1#1: start worker process 39
2025/10/19 21:09:52 [notice] 1#1: signal 3 (SIGQUIT) received, shutting down
2025/10/19 21:09:52 [notice] 28#28: gracefully shutting down
2025/10/19 21:09:52 [notice] 33#33: gracefully shutting down
2025/10/19 21:09:52 [notice] 28#28: exiting
2025/10/19 21:09:52 [notice] 33#33: exiting
2025/10/19 21:09:52 [notice] 28#28: exit
2025/10/19 21:09:52 [notice] 33#33: exit
2025/10/19 21:09:52 [notice] 31#31: gracefully shutting down
2025/10/19 21:09:52 [notice] 39#39: gracefully shutting down
2025/10/19 21:09:52 [notice] 31#31: exiting
2025/10/19 21:09:52 [notice] 32#32: gracefully shutting down
2025/10/19 21:09:52 [notice] 31#31: exit
2025/10/19 21:09:52 [notice] 36#36: gracefully shutting down
2025/10/19 21:09:52 [notice] 39#39: exiting
2025/10/19 21:09:52 [notice] 36#36: exiting
2025/10/19 21:09:52 [notice] 39#39: exit
2025/10/19 21:09:52 [notice] 34#34: gracefully shutting down
2025/10/19 21:09:52 [notice] 36#36: exit
2025/10/19 21:09:52 [notice] 34#34: exiting
2025/10/19 21:09:52 [notice] 34#34: exit
2025/10/19 21:09:52 [notice] 35#35: gracefully shutting down
2025/10/19 21:09:52 [notice] 38#38: gracefully shutting down
2025/10/19 21:09:52 [notice] 35#35: exiting
2025/10/19 21:09:52 [notice] 38#38: exiting
2025/10/19 21:09:52 [notice] 35#35: exit
2025/10/19 21:09:52 [notice] 38#38: exit
2025/10/19 21:09:52 [notice] 29#29: gracefully shutting down
2025/10/19 21:09:52 [notice] 29#29: exiting
2025/10/19 21:09:52 [notice] 29#29: exit
2025/10/19 21:09:52 [notice] 30#30: gracefully shutting down
2025/10/19 21:09:52 [notice] 37#37: gracefully shutting down
2025/10/19 21:09:52 [notice] 30#30: exiting
2025/10/19 21:09:52 [notice] 37#37: exiting
2025/10/19 21:09:52 [notice] 30#30: exit
2025/10/19 21:09:52 [notice] 37#37: exit
2025/10/19 21:09:52 [notice] 32#32: exiting
2025/10/19 21:09:52 [notice] 32#32: exit
2025/10/19 21:09:52 [notice] 1#1: signal 17 (SIGCHLD) received from 34
2025/10/19 21:09:52 [notice] 1#1: worker process 34 exited with code 0
2025/10/19 21:09:52 [notice] 1#1: signal 29 (SIGIO) received
2025/10/19 21:09:52 [notice] 1#1: signal 17 (SIGCHLD) received from 36
2025/10/19 21:09:52 [notice] 1#1: worker process 36 exited with code 0
2025/10/19 21:09:52 [notice] 1#1: worker process 31 exited with code 0
2025/10/19 21:09:52 [notice] 1#1: signal 29 (SIGIO) received
2025/10/19 21:09:52 [notice] 1#1: signal 17 (SIGCHLD) received from 31
2025/10/19 21:09:52 [notice] 1#1: signal 17 (SIGCHLD) received from 35
2025/10/19 21:09:52 [notice] 1#1: worker process 35 exited with code 0
2025/10/19 21:09:52 [notice] 1#1: signal 29 (SIGIO) received
2025/10/19 21:09:52 [notice] 1#1: signal 17 (SIGCHLD) received from 38
2025/10/19 21:09:52 [notice] 1#1: worker process 29 exited with code 0
2025/10/19 21:09:52 [notice] 1#1: worker process 37 exited with code 0
2025/10/19 21:09:52 [notice] 1#1: worker process 38 exited with code 0
2025/10/19 21:09:52 [notice] 1#1: signal 29 (SIGIO) received
2025/10/19 21:09:52 [notice] 1#1: signal 17 (SIGCHLD) received from 30
2025/10/19 21:09:52 [notice] 1#1: worker process 30 exited with code 0
2025/10/19 21:09:52 [notice] 1#1: worker process 39 exited with code 0
2025/10/19 21:09:52 [notice] 1#1: signal 29 (SIGIO) received
2025/10/19 21:09:52 [notice] 1#1: signal 17 (SIGCHLD) received from 28
2025/10/19 21:09:52 [notice] 1#1: worker process 28 exited with code 0
2025/10/19 21:09:52 [notice] 1#1: worker process 32 exited with code 0
2025/10/19 21:09:52 [notice] 1#1: worker process 33 exited with code 0
2025/10/19 21:09:52 [notice] 1#1: exit
2025/10/21 15:39:34 [notice] 1#1: using the "epoll" event method
2025/10/21 15:39:34 [notice] 1#1: nginx/1.29.0
2025/10/21 15:39:34 [notice] 1#1: built by gcc 12.2.0 (Debian 12.2.0-14+deb12u1) 
2025/10/21 15:39:34 [notice] 1#1: OS: Linux 6.8.0-85-generic
2025/10/21 15:39:34 [notice] 1#1: getrlimit(RLIMIT_NOFILE): 1048576:1048576
2025/10/21 15:39:34 [notice] 1#1: start worker processes
2025/10/21 15:39:34 [notice] 1#1: start worker process 28
2025/10/21 15:39:34 [notice] 1#1: start worker process 29
2025/10/21 15:39:34 [notice] 1#1: start worker process 30
2025/10/21 15:39:34 [notice] 1#1: start worker process 31
2025/10/21 15:39:34 [notice] 1#1: start worker process 32
2025/10/21 15:39:34 [notice] 1#1: start worker process 33
2025/10/21 15:39:34 [notice] 1#1: start worker process 34
2025/10/21 15:39:34 [notice] 1#1: start worker process 35
2025/10/21 15:39:34 [notice] 1#1: start worker process 36
2025/10/21 15:39:34 [notice] 1#1: start worker process 37
2025/10/21 15:39:34 [notice] 1#1: start worker process 38
2025/10/21 15:39:34 [notice] 1#1: start worker process 39
2025/10/21 20:08:06 [notice] 1#1: signal 3 (SIGQUIT) received, shutting down
2025/10/21 20:08:06 [notice] 28#28: gracefully shutting down
2025/10/21 20:08:06 [notice] 39#39: gracefully shutting down
2025/10/21 20:08:06 [notice] 28#28: exiting
2025/10/21 20:08:06 [notice] 39#39: exiting
2025/10/21 20:08:06 [notice] 29#29: gracefully shutting down
2025/10/21 20:08:06 [notice] 29#29: exiting
2025/10/21 20:08:06 [notice] 39#39: exit
2025/10/21 20:08:06 [notice] 28#28: exit
2025/10/21 20:08:06 [notice] 29#29: exit
2025/10/21 20:08:06 [notice] 35#35: gracefully shutting down
2025/10/21 20:08:06 [notice] 35#35: exiting
2025/10/21 20:08:06 [notice] 30#30: gracefully shutting down
2025/10/21 20:08:06 [notice] 35#35: exit
2025/10/21 20:08:06 [notice] 31#31: gracefully shutting down
2025/10/21 20:08:06 [notice] 31#31: exiting
2025/10/21 20:08:06 [notice] 31#31: exit
2025/10/21 20:08:06 [notice] 33#33: gracefully shutting down
2025/10/21 20:08:06 [notice] 33#33: exiting
2025/10/21 20:08:06 [notice] 33#33: exit
2025/10/21 20:08:06 [notice] 32#32: gracefully shutting down
2025/10/21 20:08:06 [notice] 38#38: gracefully shutting down
2025/10/21 20:08:06 [notice] 32#32: exiting
2025/10/21 20:08:06 [notice] 38#38: exiting
2025/10/21 20:08:06 [notice] 32#32: exit
2025/10/21 20:08:06 [notice] 38#38: exit
2025/10/21 20:08:06 [notice] 34#34: gracefully shutting down
2025/10/21 20:08:06 [notice] 34#34: exiting
2025/10/21 20:08:06 [notice] 34#34: exit
2025/10/21 20:08:06 [notice] 36#36: gracefully shutting down
2025/10/21 20:08:06 [notice] 36#36: exiting
2025/10/21 20:08:06 [notice] 36#36: exit
2025/10/21 20:08:06 [notice] 37#37: gracefully shutting down
2025/10/21 20:08:06 [notice] 37#37: exiting
2025/10/21 20:08:06 [notice] 30#30: exiting
2025/10/21 20:08:06 [notice] 30#30: exit
2025/10/21 20:08:06 [notice] 37#37: exit
2025/10/21 20:08:06 [notice] 1#1: signal 17 (SIGCHLD) received from 31
2025/10/21 20:08:06 [notice] 1#1: worker process 28 exited with code 0
2025/10/21 20:08:06 [notice] 1#1: worker process 29 exited with code 0
2025/10/21 20:08:06 [notice] 1#1: worker process 30 exited with code 0
2025/10/21 20:08:06 [notice] 1#1: worker process 31 exited with code 0
2025/10/21 20:08:06 [notice] 1#1: worker process 32 exited with code 0
2025/10/21 20:08:06 [notice] 1#1: worker process 33 exited with code 0
2025/10/21 20:08:06 [notice] 1#1: worker process 34 exited with code 0
2025/10/21 20:08:06 [notice] 1#1: worker process 35 exited with code 0
2025/10/21 20:08:06 [notice] 1#1: worker process 36 exited with code 0
2025/10/21 20:08:06 [notice] 1#1: worker process 37 exited with code 0
2025/10/21 20:08:06 [notice] 1#1: worker process 38 exited with code 0
2025/10/21 20:08:06 [notice] 1#1: worker process 39 exited with code 0
2025/10/21 20:08:06 [notice] 1#1: exit
2025/11/08 17:00:54 [notice] 1#1: using the "epoll" event method
2025/11/08 17:00:54 [notice] 1#1: nginx/1.29.0
2025/11/08 17:00:54 [notice] 1#1: built by gcc 12.2.0 (Debian 12.2.0-14+deb12u1) 
2025/11/08 17:00:54 [notice] 1#1: OS: Linux 6.8.0-85-generic
2025/11/08 17:00:54 [notice] 1#1: getrlimit(RLIMIT_NOFILE): 1048576:1048576
2025/11/08 17:00:54 [notice] 1#1: start worker processes
2025/11/08 17:00:54 [notice] 1#1: start worker process 28
2025/11/08 17:00:54 [notice] 1#1: start worker process 29
2025/11/08 17:00:54 [notice] 1#1: start worker process 30
2025/11/08 17:00:54 [notice] 1#1: start worker process 31
2025/11/08 17:00:54 [notice] 1#1: start worker process 32
2025/11/08 17:00:54 [notice] 1#1: start worker process 33
2025/11/08 17:00:54 [notice] 1#1: start worker process 34
2025/11/08 17:00:54 [notice] 1#1: start worker process 35
2025/11/08 17:00:54 [notice] 1#1: start worker process 36
2025/11/08 17:00:54 [notice] 1#1: start worker process 37
2025/11/08 17:00:54 [notice] 1#1: start worker process 38
2025/11/08 17:00:54 [notice] 1#1: start worker process 39
2025/11/08 19:29:05 [notice] 1#1: signal 3 (SIGQUIT) received, shutting down
2025/11/08 19:29:05 [notice] 31#31: gracefully shutting down
2025/11/08 19:29:05 [notice] 37#37: gracefully shutting down
2025/11/08 19:29:05 [notice] 31#31: exiting
2025/11/08 19:29:05 [notice] 37#37: exiting
2025/11/08 19:29:05 [notice] 28#28: gracefully shutting down
2025/11/08 19:29:05 [notice] 31#31: exit
2025/11/08 19:29:05 [notice] 37#37: exit
2025/11/08 19:29:05 [notice] 28#28: exiting
2025/11/08 19:29:05 [notice] 28#28: exit
2025/11/08 19:29:05 [notice] 29#29: gracefully shutting down
2025/11/08 19:29:05 [notice] 29#29: exiting
2025/11/08 19:29:05 [notice] 29#29: exit
2025/11/08 19:29:05 [notice] 33#33: gracefully shutting down
2025/11/08 19:29:05 [notice] 33#33: exiting
2025/11/08 19:29:05 [notice] 33#33: exit
2025/11/08 19:29:05 [notice] 36#36: gracefully shutting down
2025/11/08 19:29:05 [notice] 36#36: exiting
2025/11/08 19:29:05 [notice] 36#36: exit
2025/11/08 19:29:05 [notice] 32#32: gracefully shutting down
2025/11/08 19:29:05 [notice] 32#32: exiting
2025/11/08 19:29:05 [notice] 32#32: exit
2025/11/08 19:29:05 [notice] 30#30: gracefully shutting down
2025/11/08 19:29:05 [notice] 30#30: exiting
2025/11/08 19:29:05 [notice] 30#30: exit
2025/11/08 19:29:05 [notice] 35#35: gracefully shutting down
2025/11/08 19:29:05 [notice] 35#35: exiting
2025/11/08 19:29:05 [notice] 35#35: exit
2025/11/08 19:29:05 [notice] 38#38: gracefully shutting down
2025/11/08 19:29:05 [notice] 38#38: exiting
2025/11/08 19:29:05 [notice] 38#38: exit
2025/11/08 19:29:05 [notice] 39#39: gracefully shutting down
2025/11/08 19:29:05 [notice] 39#39: exiting
2025/11/08 19:29:05 [notice] 39#39: exit
2025/11/08 19:29:05 [notice] 34#34: gracefully shutting down
2025/11/08 19:29:05 [notice] 34#34: exiting
2025/11/08 19:29:05 [notice] 34#34: exit
2025/11/08 19:29:05 [notice] 1#1: signal 17 (SIGCHLD) received from 37
2025/11/08 19:29:05 [notice] 1#1: worker process 29 exited with code 0
2025/11/08 19:29:05 [notice] 1#1: worker process 33 exited with code 0
2025/11/08 19:29:05 [notice] 1#1: worker process 36 exited with code 0
2025/11/08 19:29:05 [notice] 1#1: worker process 37 exited with code 0
2025/11/08 19:29:05 [notice] 1#1: signal 29 (SIGIO) received
2025/11/08 19:29:05 [notice] 1#1: signal 17 (SIGCHLD) received from 32
2025/11/08 19:29:05 [notice] 1#1: worker process 32 exited with code 0
2025/11/08 19:29:05 [notice] 1#1: signal 29 (SIGIO) received
2025/11/08 19:29:05 [notice] 1#1: signal 17 (SIGCHLD) received from 30
2025/11/08 19:29:05 [notice] 1#1: worker process 30 exited with code 0
2025/11/08 19:29:05 [notice] 1#1: worker process 31 exited with code 0
2025/11/08 19:29:05 [notice] 1#1: worker process 35 exited with code 0
2025/11/08 19:29:05 [notice] 1#1: signal 29 (SIGIO) received
2025/11/08 19:29:05 [notice] 1#1: signal 17 (SIGCHLD) received from 39
2025/11/08 19:29:05 [notice] 1#1: worker process 39 exited with code 0
2025/11/08 19:29:05 [notice] 1#1: signal 29 (SIGIO) received
2025/11/08 19:29:05 [notice] 1#1: signal 17 (SIGCHLD) received from 34
2025/11/08 19:29:05 [notice] 1#1: worker process 34 exited with code 0
2025/11/08 19:29:05 [notice] 1#1: signal 29 (SIGIO) received
2025/11/08 19:29:05 [notice] 1#1: signal 17 (SIGCHLD) received from 28
2025/11/08 19:29:05 [notice] 1#1: worker process 28 exited with code 0
2025/11/08 19:29:05 [notice] 1#1: signal 29 (SIGIO) received
2025/11/08 19:29:05 [notice] 1#1: signal 17 (SIGCHLD) received from 38
2025/11/08 19:29:05 [notice] 1#1: worker process 38 exited with code 0
2025/11/08 19:29:05 [notice] 1#1: exit
2025/11/17 15:48:47 [notice] 1#1: using the "epoll" event method
2025/11/17 15:48:47 [notice] 1#1: nginx/1.29.0
2025/11/17 15:48:47 [notice] 1#1: built by gcc 12.2.0 (Debian 12.2.0-14+deb12u1) 
2025/11/17 15:48:47 [notice] 1#1: OS: Linux 6.8.0-85-generic
2025/11/17 15:48:47 [notice] 1#1: getrlimit(RLIMIT_NOFILE): 1048576:1048576
2025/11/17 15:48:47 [notice] 1#1: start worker processes
2025/11/17 15:48:47 [notice] 1#1: start worker process 28
2025/11/17 15:48:47 [notice] 1#1: start worker process 29
2025/11/17 15:48:47 [notice] 1#1: start worker process 30
2025/11/17 15:48:47 [notice] 1#1: start worker process 31
2025/11/17 15:48:47 [notice] 1#1: start worker process 32
2025/11/17 15:48:47 [notice] 1#1: start worker process 33
2025/11/17 15:48:47 [notice] 1#1: start worker process 34
2025/11/17 15:48:47 [notice] 1#1: start worker process 35
2025/11/17 15:48:47 [notice] 1#1: start worker process 36
2025/11/17 15:48:47 [notice] 1#1: start worker process 37
2025/11/17 15:48:47 [notice] 1#1: start worker process 38
2025/11/17 15:48:47 [notice] 1#1: start worker process 39
2025/11/18 01:34:08 [notice] 1#1: signal 3 (SIGQUIT) received, shutting down
2025/11/18 01:34:08 [notice] 28#28: gracefully shutting down
2025/11/18 01:34:08 [notice] 29#29: gracefully shutting down
2025/11/18 01:34:08 [notice] 30#30: gracefully shutting down
2025/11/18 01:34:08 [notice] 34#34: gracefully shutting down
2025/11/18 01:34:08 [notice] 31#31: gracefully shutting down
2025/11/18 01:34:08 [notice] 35#35: gracefully shutting down
2025/11/18 01:34:08 [notice] 36#36: gracefully shutting down
2025/11/18 01:34:08 [notice] 37#37: gracefully shutting down
2025/11/18 01:34:08 [notice] 33#33: gracefully shutting down
2025/11/18 01:34:08 [notice] 32#32: gracefully shutting down
2025/11/18 01:34:08 [notice] 38#38: gracefully shutting down
2025/11/18 01:34:08 [notice] 39#39: gracefully shutting down
2025/11/18 01:34:08 [notice] 28#28: exiting
2025/11/18 01:34:08 [notice] 29#29: exiting
2025/11/18 01:34:08 [notice] 31#31: exiting
2025/11/18 01:34:08 [notice] 34#34: exiting
2025/11/18 01:34:08 [notice] 37#37: exiting
2025/11/18 01:34:08 [notice] 33#33: exiting
2025/11/18 01:34:08 [notice] 38#38: exiting
2025/11/18 01:34:08 [notice] 32#32: exiting
2025/11/18 01:34:08 [notice] 35#35: exiting
2025/11/18 01:34:08 [notice] 30#30: exiting
2025/11/18 01:34:08 [notice] 39#39: exiting
2025/11/18 01:34:08 [notice] 36#36: exiting
2025/11/18 01:34:08 [notice] 28#28: exit
2025/11/18 01:34:08 [notice] 30#30: exit
2025/11/18 01:34:08 [notice] 29#29: exit
2025/11/18 01:34:08 [notice] 36#36: exit
2025/11/18 01:34:08 [notice] 31#31: exit
2025/11/18 01:34:08 [notice] 33#33: exit
2025/11/18 01:34:08 [notice] 38#38: exit
2025/11/18 01:34:08 [notice] 35#35: exit
2025/11/18 01:34:08 [notice] 39#39: exit
2025/11/18 01:34:08 [notice] 34#34: exit
2025/11/18 01:34:08 [notice] 37#37: exit
2025/11/18 01:34:08 [notice] 32#32: exit
2025/11/18 01:34:08 [notice] 1#1: signal 17 (SIGCHLD) received from 28
2025/11/18 01:34:08 [notice] 1#1: worker process 28 exited with code 0
2025/11/18 01:34:08 [notice] 1#1: signal 29 (SIGIO) received
2025/11/18 01:34:08 [notice] 1#1: signal 17 (SIGCHLD) received from 33
2025/11/18 01:34:08 [notice] 1#1: worker process 33 exited with code 0
2025/11/18 01:34:08 [notice] 1#1: signal 29 (SIGIO) received
2025/11/18 01:34:08 [notice] 1#1: signal 17 (SIGCHLD) received from 39
2025/11/18 01:34:08 [notice] 1#1: worker process 39 exited with code 0
2025/11/18 01:34:08 [notice] 1#1: signal 29 (SIGIO) received
2025/11/18 01:34:08 [notice] 1#1: signal 17 (SIGCHLD) received from 32
2025/11/18 01:34:08 [notice] 1#1: worker process 32 exited with code 0
2025/11/18 01:34:08 [notice] 1#1: signal 29 (SIGIO) received
2025/11/18 01:34:08 [notice] 1#1: signal 17 (SIGCHLD) received from 36
2025/11/18 01:34:08 [notice] 1#1: worker process 36 exited with code 0
2025/11/18 01:34:08 [notice] 1#1: signal 29 (SIGIO) received
2025/11/18 01:34:08 [notice] 1#1: signal 17 (SIGCHLD) received from 38
2025/11/18 01:34:08 [notice] 1#1: worker process 38 exited with code 0
2025/11/18 01:34:08 [notice] 1#1: signal 29 (SIGIO) received
2025/11/18 01:34:08 [notice] 1#1: signal 17 (SIGCHLD) received from 29
2025/11/18 01:34:08 [notice] 1#1: worker process 29 exited with code 0
2025/11/18 01:34:08 [notice] 1#1: signal 29 (SIGIO) received
2025/11/18 01:34:08 [notice] 1#1: signal 17 (SIGCHLD) received from 34
2025/11/18 01:34:08 [notice] 1#1: worker process 34 exited with code 0
2025/11/18 01:34:08 [notice] 1#1: signal 29 (SIGIO) received
2025/11/18 01:34:08 [notice] 1#1: signal 17 (SIGCHLD) received from 31
2025/11/18 01:34:08 [notice] 1#1: worker process 31 exited with code 0
2025/11/18 01:34:08 [notice] 1#1: signal 29 (SIGIO) received
2025/11/18 01:34:08 [notice] 1#1: signal 17 (SIGCHLD) received from 30
2025/11/18 01:34:08 [notice] 1#1: worker process 30 exited with code 0
2025/11/18 01:34:08 [notice] 1#1: signal 29 (SIGIO) received
2025/11/18 01:34:08 [notice] 1#1: signal 17 (SIGCHLD) received from 37
2025/11/18 01:34:08 [notice] 1#1: worker process 37 exited with code 0
2025/11/18 01:34:08 [notice] 1#1: signal 29 (SIGIO) received
2025/11/18 01:34:08 [notice] 1#1: signal 17 (SIGCHLD) received from 35
2025/11/18 01:34:08 [notice] 1#1: worker process 35 exited with code 0
2025/11/18 01:34:08 [notice] 1#1: exit
2025/12/02 16:40:28 [notice] 1#1: using the "epoll" event method
2025/12/02 16:40:28 [notice] 1#1: nginx/1.29.0
2025/12/02 16:40:28 [notice] 1#1: built by gcc 12.2.0 (Debian 12.2.0-14+deb12u1) 
2025/12/02 16:40:28 [notice] 1#1: OS: Linux 6.8.0-85-generic
2025/12/02 16:40:28 [notice] 1#1: getrlimit(RLIMIT_NOFILE): 1048576:1048576
2025/12/02 16:40:28 [notice] 1#1: start worker processes
2025/12/02 16:40:28 [notice] 1#1: start worker process 28
2025/12/02 16:40:28 [notice] 1#1: start worker process 29
2025/12/02 16:40:28 [notice] 1#1: start worker process 30
2025/12/02 16:40:28 [notice] 1#1: start worker process 31
2025/12/02 16:40:28 [notice] 1#1: start worker process 32
2025/12/02 16:40:28 [notice] 1#1: start worker process 33
2025/12/02 16:40:28 [notice] 1#1: start worker process 34
2025/12/02 16:40:28 [notice] 1#1: start worker process 35
2025/12/02 16:40:28 [notice] 1#1: start worker process 36
2025/12/02 16:40:28 [notice] 1#1: start worker process 37
2025/12/02 16:40:28 [notice] 1#1: start worker process 38
2025/12/02 16:40:28 [notice] 1#1: start worker process 39
2025/12/02 18:09:39 [notice] 1#1: signal 3 (SIGQUIT) received, shutting down
2025/12/02 18:09:39 [notice] 28#28: gracefully shutting down
2025/12/02 18:09:39 [notice] 29#29: gracefully shutting down
2025/12/02 18:09:39 [notice] 30#30: gracefully shutting down
2025/12/02 18:09:39 [notice] 32#32: gracefully shutting down
2025/12/02 18:09:39 [notice] 31#31: gracefully shutting down
2025/12/02 18:09:39 [notice] 33#33: gracefully shutting down
2025/12/02 18:09:39 [notice] 34#34: gracefully shutting down
2025/12/02 18:09:39 [notice] 35#35: gracefully shutting down
2025/12/02 18:09:39 [notice] 36#36: gracefully shutting down
2025/12/02 18:09:39 [notice] 37#37: gracefully shutting down
2025/12/02 18:09:39 [notice] 38#38: gracefully shutting down
2025/12/02 18:09:39 [notice] 39#39: gracefully shutting down
2025/12/02 18:09:39 [notice] 32#32: exiting
2025/12/02 18:09:39 [notice] 28#28: exiting
2025/12/02 18:09:39 [notice] 31#31: exiting
2025/12/02 18:09:39 [notice] 29#29: exiting
2025/12/02 18:09:39 [notice] 33#33: exiting
2025/12/02 18:09:39 [notice] 34#34: exiting
2025/12/02 18:09:39 [notice] 30#30: exiting
2025/12/02 18:09:39 [notice] 38#38: exiting
2025/12/02 18:09:39 [notice] 35#35: exiting
2025/12/02 18:09:39 [notice] 36#36: exiting
2025/12/02 18:09:39 [notice] 37#37: exiting
2025/12/02 18:09:39 [notice] 39#39: exiting
2025/12/02 18:09:39 [notice] 32#32: exit
2025/12/02 18:09:39 [notice] 34#34: exit
2025/12/02 18:09:39 [notice] 33#33: exit
2025/12/02 18:09:39 [notice] 30#30: exit
2025/12/02 18:09:39 [notice] 29#29: exit
2025/12/02 18:09:39 [notice] 28#28: exit
2025/12/02 18:09:39 [notice] 38#38: exit
2025/12/02 18:09:39 [notice] 36#36: exit
2025/12/02 18:09:39 [notice] 31#31: exit
2025/12/02 18:09:39 [notice] 37#37: exit
2025/12/02 18:09:39 [notice] 35#35: exit
2025/12/02 18:09:39 [notice] 39#39: exit
2025/12/02 18:09:39 [notice] 1#1: signal 17 (SIGCHLD) received from 28
2025/12/02 18:09:39 [notice] 1#1: worker process 28 exited with code 0
2025/12/02 18:09:39 [notice] 1#1: worker process 36 exited with code 0
2025/12/02 18:09:39 [notice] 1#1: signal 29 (SIGIO) received
2025/12/02 18:09:39 [notice] 1#1: signal 17 (SIGCHLD) received from 36
2025/12/02 18:09:39 [notice] 1#1: signal 17 (SIGCHLD) received from 34
2025/12/02 18:09:39 [notice] 1#1: worker process 34 exited with code 0
2025/12/02 18:09:39 [notice] 1#1: worker process 29 exited with code 0
2025/12/02 18:09:39 [notice] 1#1: worker process 30 exited with code 0
2025/12/02 18:09:39 [notice] 1#1: worker process 31 exited with code 0
2025/12/02 18:09:39 [notice] 1#1: worker process 33 exited with code 0
2025/12/02 18:09:39 [notice] 1#1: worker process 37 exited with code 0
2025/12/02 18:09:39 [notice] 1#1: worker process 39 exited with code 0
2025/12/02 18:09:39 [notice] 1#1: signal 29 (SIGIO) received
2025/12/02 18:09:39 [notice] 1#1: signal 17 (SIGCHLD) received from 39
2025/12/02 18:09:39 [notice] 1#1: signal 17 (SIGCHLD) received from 38
2025/12/02 18:09:39 [notice] 1#1: worker process 38 exited with code 0
2025/12/02 18:09:39 [notice] 1#1: worker process 35 exited with code 0
2025/12/02 18:09:39 [notice] 1#1: signal 29 (SIGIO) received
2025/12/02 18:09:39 [notice] 1#1: signal 17 (SIGCHLD) received from 35
2025/12/02 18:09:39 [notice] 1#1: signal 17 (SIGCHLD) received from 32
2025/12/02 18:09:39 [notice] 1#1: worker process 32 exited with code 0
2025/12/02 18:09:39 [notice] 1#1: exit
2025/12/15 22:09:07 [notice] 1#1: using the "epoll" event method
2025/12/15 22:09:07 [notice] 1#1: nginx/1.29.0
2025/12/15 22:09:07 [notice] 1#1: built by gcc 12.2.0 (Debian 12.2.0-14+deb12u1) 
2025/12/15 22:09:07 [notice] 1#1: OS: Linux 6.8.0-88-generic
2025/12/15 22:09:07 [notice] 1#1: getrlimit(RLIMIT_NOFILE): 1048576:1048576
2025/12/15 22:09:07 [notice] 1#1: start worker processes
2025/12/15 22:09:07 [notice] 1#1: start worker process 28
2025/12/15 22:09:07 [notice] 1#1: start worker process 29
2025/12/15 22:09:07 [notice] 1#1: start worker process 30
2025/12/15 22:09:07 [notice] 1#1: start worker process 31
2025/12/15 22:09:07 [notice] 1#1: start worker process 32
2025/12/15 22:09:07 [notice] 1#1: start worker process 33
2025/12/15 22:09:07 [notice] 1#1: start worker process 34
2025/12/15 22:09:07 [notice] 1#1: start worker process 35
2025/12/15 22:09:07 [notice] 1#1: start worker process 36
2025/12/15 22:09:07 [notice] 1#1: start worker process 37
2025/12/15 22:09:07 [notice] 1#1: start worker process 38
2025/12/15 22:09:07 [notice] 1#1: start worker process 39
2025/12/16 00:46:10 [notice] 1#1: signal 3 (SIGQUIT) received, shutting down
2025/12/16 00:46:10 [notice] 28#28: gracefully shutting down
2025/12/16 00:46:10 [notice] 29#29: gracefully shutting down
2025/12/16 00:46:10 [notice] 30#30: gracefully shutting down
2025/12/16 00:46:10 [notice] 31#31: gracefully shutting down
2025/12/16 00:46:10 [notice] 33#33: gracefully shutting down
2025/12/16 00:46:10 [notice] 35#35: gracefully shutting down
2025/12/16 00:46:10 [notice] 38#38: gracefully shutting down
2025/12/16 00:46:10 [notice] 37#37: gracefully shutting down
2025/12/16 00:46:10 [notice] 39#39: gracefully shutting down
2025/12/16 00:46:10 [notice] 34#34: gracefully shutting down
2025/12/16 00:46:10 [notice] 32#32: gracefully shutting down
2025/12/16 00:46:10 [notice] 36#36: gracefully shutting down
2025/12/16 00:46:10 [notice] 39#39: exiting
2025/12/16 00:46:10 [notice] 37#37: exiting
2025/12/16 00:46:10 [notice] 35#35: exiting
2025/12/16 00:46:10 [notice] 38#38: exiting
2025/12/16 00:46:10 [notice] 36#36: exiting
2025/12/16 00:46:10 [notice] 36#36: exit
2025/12/16 00:46:10 [notice] 37#37: exit
2025/12/16 00:46:10 [notice] 34#34: exiting
2025/12/16 00:46:10 [notice] 35#35: exit
2025/12/16 00:46:10 [notice] 38#38: exit
2025/12/16 00:46:10 [notice] 39#39: exit
2025/12/16 00:46:10 [notice] 28#28: exiting
2025/12/16 00:46:10 [notice] 33#33: exiting
2025/12/16 00:46:10 [notice] 31#31: exiting
2025/12/16 00:46:10 [notice] 32#32: exiting
2025/12/16 00:46:10 [notice] 29#29: exiting
2025/12/16 00:46:10 [notice] 30#30: exiting
2025/12/16 00:46:10 [notice] 28#28: exit
2025/12/16 00:46:10 [notice] 31#31: exit
2025/12/16 00:46:10 [notice] 33#33: exit
2025/12/16 00:46:10 [notice] 29#29: exit
2025/12/16 00:46:10 [notice] 30#30: exit
2025/12/16 00:46:10 [notice] 34#34: exit
2025/12/16 00:46:10 [notice] 32#32: exit
2025/12/16 00:46:10 [notice] 1#1: signal 17 (SIGCHLD) received from 37
2025/12/16 00:46:10 [notice] 1#1: worker process 37 exited with code 0
2025/12/16 00:46:10 [notice] 1#1: worker process 38 exited with code 0
2025/12/16 00:46:10 [notice] 1#1: worker process 39 exited with code 0
2025/12/16 00:46:10 [notice] 1#1: signal 29 (SIGIO) received
2025/12/16 00:46:10 [notice] 1#1: signal 17 (SIGCHLD) received from 38
2025/12/16 00:46:10 [notice] 1#1: worker process 32 exited with code 0
2025/12/16 00:46:10 [notice] 1#1: worker process 30 exited with code 0
2025/12/16 00:46:10 [notice] 1#1: worker process 29 exited with code 0
2025/12/16 00:46:10 [notice] 1#1: worker process 34 exited with code 0
2025/12/16 00:46:10 [notice] 1#1: worker process 28 exited with code 0
2025/12/16 00:46:10 [notice] 1#1: signal 29 (SIGIO) received
2025/12/16 00:46:10 [notice] 1#1: signal 17 (SIGCHLD) received from 32
2025/12/16 00:46:10 [notice] 1#1: signal 17 (SIGCHLD) received from 31
2025/12/16 00:46:10 [notice] 1#1: worker process 31 exited with code 0
2025/12/16 00:46:10 [notice] 1#1: worker process 33 exited with code 0
2025/12/16 00:46:10 [notice] 1#1: signal 29 (SIGIO) received
2025/12/16 00:46:10 [notice] 1#1: signal 17 (SIGCHLD) received from 33
2025/12/16 00:46:10 [notice] 1#1: signal 17 (SIGCHLD) received from 36
2025/12/16 00:46:10 [notice] 1#1: worker process 36 exited with code 0
2025/12/16 00:46:10 [notice] 1#1: signal 29 (SIGIO) received
2025/12/16 00:46:10 [notice] 1#1: signal 17 (SIGCHLD) received from 35
2025/12/16 00:46:10 [notice] 1#1: worker process 35 exited with code 0
2025/12/16 00:46:10 [notice] 1#1: exit
2025/12/16 00:46:25 [notice] 1#1: using the "epoll" event method
2025/12/16 00:46:25 [notice] 1#1: nginx/1.29.0
2025/12/16 00:46:25 [notice] 1#1: built by gcc 12.2.0 (Debian 12.2.0-14+deb12u1) 
2025/12/16 00:46:25 [notice] 1#1: OS: Linux 6.8.0-88-generic
2025/12/16 00:46:25 [notice] 1#1: getrlimit(RLIMIT_NOFILE): 1048576:1048576
2025/12/16 00:46:25 [notice] 1#1: start worker processes
2025/12/16 00:46:25 [notice] 1#1: start worker process 28
2025/12/16 00:46:25 [notice] 1#1: start worker process 29
2025/12/16 00:46:25 [notice] 1#1: start worker process 30
2025/12/16 00:46:25 [notice] 1#1: start worker process 31
2025/12/16 00:46:25 [notice] 1#1: start worker process 32
2025/12/16 00:46:25 [notice] 1#1: start worker process 33
2025/12/16 00:46:25 [notice] 1#1: start worker process 34
2025/12/16 00:46:25 [notice] 1#1: start worker process 35
2025/12/16 00:46:25 [notice] 1#1: start worker process 36
2025/12/16 00:46:25 [notice] 1#1: start worker process 37
2025/12/16 00:46:25 [notice] 1#1: start worker process 38
2025/12/16 00:46:25 [notice] 1#1: start worker process 39
2025/12/16 00:51:25 [notice] 1#1: signal 3 (SIGQUIT) received, shutting down
2025/12/16 00:51:25 [notice] 28#28: gracefully shutting down
2025/12/16 00:51:25 [notice] 28#28: exiting
2025/12/16 00:51:25 [notice] 32#32: gracefully shutting down
2025/12/16 00:51:25 [notice] 31#31: gracefully shutting down
2025/12/16 00:51:25 [notice] 36#36: gracefully shutting down
2025/12/16 00:51:25 [notice] 37#37: gracefully shutting down
2025/12/16 00:51:25 [notice] 32#32: exiting
2025/12/16 00:51:25 [notice] 29#29: gracefully shutting down
2025/12/16 00:51:25 [notice] 31#31: exiting
2025/12/16 00:51:25 [notice] 28#28: exit
2025/12/16 00:51:25 [notice] 36#36: exiting
2025/12/16 00:51:25 [notice] 37#37: exiting
2025/12/16 00:51:25 [notice] 29#29: exiting
2025/12/16 00:51:25 [notice] 32#32: exit
2025/12/16 00:51:25 [notice] 31#31: exit
2025/12/16 00:51:25 [notice] 36#36: exit
2025/12/16 00:51:25 [notice] 37#37: exit
2025/12/16 00:51:25 [notice] 29#29: exit
2025/12/16 00:51:25 [notice] 33#33: gracefully shutting down
2025/12/16 00:51:25 [notice] 33#33: exiting
2025/12/16 00:51:25 [notice] 33#33: exit
2025/12/16 00:51:25 [notice] 30#30: gracefully shutting down
2025/12/16 00:51:25 [notice] 30#30: exiting
2025/12/16 00:51:25 [notice] 30#30: exit
2025/12/16 00:51:25 [notice] 39#39: gracefully shutting down
2025/12/16 00:51:25 [notice] 39#39: exiting
2025/12/16 00:51:25 [notice] 39#39: exit
2025/12/16 00:51:25 [notice] 34#34: gracefully shutting down
2025/12/16 00:51:25 [notice] 38#38: gracefully shutting down
2025/12/16 00:51:25 [notice] 34#34: exiting
2025/12/16 00:51:25 [notice] 38#38: exiting
2025/12/16 00:51:25 [notice] 35#35: gracefully shutting down
2025/12/16 00:51:25 [notice] 38#38: exit
2025/12/16 00:51:25 [notice] 34#34: exit
2025/12/16 00:51:25 [notice] 35#35: exiting
2025/12/16 00:51:25 [notice] 35#35: exit
2025/12/16 00:51:25 [notice] 1#1: signal 17 (SIGCHLD) received from 37
2025/12/16 00:51:25 [notice] 1#1: worker process 37 exited with code 0
2025/12/16 00:51:25 [notice] 1#1: signal 29 (SIGIO) received
2025/12/16 00:51:25 [notice] 1#1: signal 17 (SIGCHLD) received from 36
2025/12/16 00:51:25 [notice] 1#1: worker process 36 exited with code 0
2025/12/16 00:51:25 [notice] 1#1: signal 29 (SIGIO) received
2025/12/16 00:51:25 [notice] 1#1: signal 17 (SIGCHLD) received from 38
2025/12/16 00:51:25 [notice] 1#1: worker process 38 exited with code 0
2025/12/16 00:51:25 [notice] 1#1: signal 29 (SIGIO) received
2025/12/16 00:51:25 [notice] 1#1: signal 17 (SIGCHLD) received from 30
2025/12/16 00:51:25 [notice] 1#1: worker process 30 exited with code 0
2025/12/16 00:51:25 [notice] 1#1: signal 29 (SIGIO) received
2025/12/16 00:51:25 [notice] 1#1: signal 17 (SIGCHLD) received from 29
2025/12/16 00:51:25 [notice] 1#1: worker process 29 exited with code 0
2025/12/16 00:51:25 [notice] 1#1: worker process 33 exited with code 0
2025/12/16 00:51:25 [notice] 1#1: signal 29 (SIGIO) received
2025/12/16 00:51:25 [notice] 1#1: signal 17 (SIGCHLD) received from 33
2025/12/16 00:51:25 [notice] 1#1: worker process 31 exited with code 0
2025/12/16 00:51:25 [notice] 1#1: signal 29 (SIGIO) received
2025/12/16 00:51:25 [notice] 1#1: signal 17 (SIGCHLD) received from 31
2025/12/16 00:51:25 [notice] 1#1: signal 17 (SIGCHLD) received from 34
2025/12/16 00:51:25 [notice] 1#1: worker process 34 exited with code 0
2025/12/16 00:51:25 [notice] 1#1: signal 29 (SIGIO) received
2025/12/16 00:51:25 [notice] 1#1: signal 17 (SIGCHLD) received from 35
2025/12/16 00:51:25 [notice] 1#1: worker process 35 exited with code 0
2025/12/16 00:51:25 [notice] 1#1: signal 29 (SIGIO) received
2025/12/16 00:51:25 [notice] 1#1: signal 17 (SIGCHLD) received from 39
2025/12/16 00:51:25 [notice] 1#1: worker process 32 exited with code 0
2025/12/16 00:51:25 [notice] 1#1: worker process 39 exited with code 0
2025/12/16 00:51:25 [notice] 1#1: signal 29 (SIGIO) received
2025/12/16 00:51:25 [notice] 1#1: signal 17 (SIGCHLD) received from 28
2025/12/16 00:51:25 [notice] 1#1: worker process 28 exited with code 0
2025/12/16 00:51:25 [notice] 1#1: exit
2025/12/16 00:51:40 [notice] 1#1: using the "epoll" event method
2025/12/16 00:51:40 [notice] 1#1: nginx/1.29.0
2025/12/16 00:51:40 [notice] 1#1: built by gcc 12.2.0 (Debian 12.2.0-14+deb12u1) 
2025/12/16 00:51:40 [notice] 1#1: OS: Linux 6.8.0-88-generic
2025/12/16 00:51:40 [notice] 1#1: getrlimit(RLIMIT_NOFILE): 1048576:1048576
2025/12/16 00:51:40 [notice] 1#1: start worker processes
2025/12/16 00:51:40 [notice] 1#1: start worker process 28
2025/12/16 00:51:40 [notice] 1#1: start worker process 29
2025/12/16 00:51:40 [notice] 1#1: start worker process 30
2025/12/16 00:51:40 [notice] 1#1: start worker process 31
2025/12/16 00:51:40 [notice] 1#1: start worker process 32
2025/12/16 00:51:40 [notice] 1#1: start worker process 33
2025/12/16 00:51:40 [notice] 1#1: start worker process 34
2025/12/16 00:51:40 [notice] 1#1: start worker process 35
2025/12/16 00:51:40 [notice] 1#1: start worker process 36
2025/12/16 00:51:40 [notice] 1#1: start worker process 37
2025/12/16 00:51:40 [notice] 1#1: start worker process 38
2025/12/16 00:51:40 [notice] 1#1: start worker process 39
2025/12/16 00:53:35 [notice] 1#1: signal 3 (SIGQUIT) received, shutting down
2025/12/16 00:53:35 [notice] 28#28: gracefully shutting down
2025/12/16 00:53:35 [notice] 29#29: gracefully shutting down
2025/12/16 00:53:35 [notice] 28#28: exiting
2025/12/16 00:53:35 [notice] 29#29: exiting
2025/12/16 00:53:35 [notice] 32#32: gracefully shutting down
2025/12/16 00:53:35 [notice] 35#35: gracefully shutting down
2025/12/16 00:53:35 [notice] 32#32: exiting
2025/12/16 00:53:35 [notice] 31#31: gracefully shutting down
2025/12/16 00:53:35 [notice] 35#35: exiting
2025/12/16 00:53:35 [notice] 31#31: exiting
2025/12/16 00:53:35 [notice] 32#32: exit
2025/12/16 00:53:35 [notice] 35#35: exit
2025/12/16 00:53:35 [notice] 31#31: exit
2025/12/16 00:53:35 [notice] 34#34: gracefully shutting down
2025/12/16 00:53:35 [notice] 34#34: exiting
2025/12/16 00:53:35 [notice] 34#34: exit
2025/12/16 00:53:35 [notice] 37#37: gracefully shutting down
2025/12/16 00:53:35 [notice] 33#33: gracefully shutting down
2025/12/16 00:53:35 [notice] 37#37: exiting
2025/12/16 00:53:35 [notice] 33#33: exiting
2025/12/16 00:53:35 [notice] 37#37: exit
2025/12/16 00:53:35 [notice] 33#33: exit
2025/12/16 00:53:35 [notice] 28#28: exit
2025/12/16 00:53:35 [notice] 39#39: gracefully shutting down
2025/12/16 00:53:35 [notice] 39#39: exiting
2025/12/16 00:53:35 [notice] 39#39: exit
2025/12/16 00:53:35 [notice] 38#38: gracefully shutting down
2025/12/16 00:53:35 [notice] 29#29: exit
2025/12/16 00:53:35 [notice] 38#38: exiting
2025/12/16 00:53:35 [notice] 38#38: exit
2025/12/16 00:53:35 [notice] 30#30: gracefully shutting down
2025/12/16 00:53:35 [notice] 30#30: exiting
2025/12/16 00:53:35 [notice] 30#30: exit
2025/12/16 00:53:35 [notice] 36#36: gracefully shutting down
2025/12/16 00:53:35 [notice] 36#36: exiting
2025/12/16 00:53:35 [notice] 36#36: exit
2025/12/16 00:53:35 [notice] 1#1: signal 17 (SIGCHLD) received from 31
2025/12/16 00:53:35 [notice] 1#1: worker process 31 exited with code 0
2025/12/16 00:53:35 [notice] 1#1: worker process 32 exited with code 0
2025/12/16 00:53:35 [notice] 1#1: signal 29 (SIGIO) received
2025/12/16 00:53:35 [notice] 1#1: signal 17 (SIGCHLD) received from 29
2025/12/16 00:53:35 [notice] 1#1: worker process 29 exited with code 0
2025/12/16 00:53:35 [notice] 1#1: signal 29 (SIGIO) received
2025/12/16 00:53:35 [notice] 1#1: signal 17 (SIGCHLD) received from 28
2025/12/16 00:53:35 [notice] 1#1: worker process 28 exited with code 0
2025/12/16 00:53:35 [notice] 1#1: signal 29 (SIGIO) received
2025/12/16 00:53:35 [notice] 1#1: signal 17 (SIGCHLD) received from 38
2025/12/16 00:53:35 [notice] 1#1: worker process 38 exited with code 0
2025/12/16 00:53:35 [notice] 1#1: worker process 37 exited with code 0
2025/12/16 00:53:35 [notice] 1#1: signal 29 (SIGIO) received
2025/12/16 00:53:35 [notice] 1#1: signal 17 (SIGCHLD) received from 37
2025/12/16 00:53:35 [notice] 1#1: signal 17 (SIGCHLD) received from 30
2025/12/16 00:53:35 [notice] 1#1: worker process 30 exited with code 0
2025/12/16 00:53:35 [notice] 1#1: signal 29 (SIGIO) received
2025/12/16 00:53:35 [notice] 1#1: signal 17 (SIGCHLD) received from 33
2025/12/16 00:53:35 [notice] 1#1: worker process 33 exited with code 0
2025/12/16 00:53:35 [notice] 1#1: signal 29 (SIGIO) received
2025/12/16 00:53:35 [notice] 1#1: signal 17 (SIGCHLD) received from 36
2025/12/16 00:53:35 [notice] 1#1: worker process 35 exited with code 0
2025/12/16 00:53:35 [notice] 1#1: worker process 36 exited with code 0
2025/12/16 00:53:35 [notice] 1#1: signal 17 (SIGCHLD) received from 34
2025/12/16 00:53:35 [notice] 1#1: worker process 34 exited with code 0
2025/12/16 00:53:35 [notice] 1#1: worker process 39 exited with code 0
2025/12/16 00:53:35 [notice] 1#1: exit
2025/12/16 00:53:50 [notice] 1#1: using the "epoll" event method
2025/12/16 00:53:50 [notice] 1#1: nginx/1.29.0
2025/12/16 00:53:50 [notice] 1#1: built by gcc 12.2.0 (Debian 12.2.0-14+deb12u1) 
2025/12/16 00:53:50 [notice] 1#1: OS: Linux 6.8.0-88-generic
2025/12/16 00:53:50 [notice] 1#1: getrlimit(RLIMIT_NOFILE): 1048576:1048576
2025/12/16 00:53:50 [notice] 1#1: start worker processes
2025/12/16 00:53:50 [notice] 1#1: start worker process 28
2025/12/16 00:53:50 [notice] 1#1: start worker process 29
2025/12/16 00:53:50 [notice] 1#1: start worker process 30
2025/12/16 00:53:50 [notice] 1#1: start worker process 31
2025/12/16 00:53:50 [notice] 1#1: start worker process 32
2025/12/16 00:53:50 [notice] 1#1: start worker process 33
2025/12/16 00:53:50 [notice] 1#1: start worker process 34
2025/12/16 00:53:50 [notice] 1#1: start worker process 35
2025/12/16 00:53:50 [notice] 1#1: start worker process 36
2025/12/16 00:53:50 [notice] 1#1: start worker process 37
2025/12/16 00:53:50 [notice] 1#1: start worker process 38
2025/12/16 00:53:50 [notice] 1#1: start worker process 39
2025/12/16 01:44:53 [notice] 1#1: signal 3 (SIGQUIT) received, shutting down
2025/12/16 01:44:53 [notice] 31#31: gracefully shutting down
2025/12/16 01:44:53 [notice] 31#31: exiting
2025/12/16 01:44:53 [notice] 36#36: gracefully shutting down
2025/12/16 01:44:53 [notice] 28#28: gracefully shutting down
2025/12/16 01:44:53 [notice] 39#39: gracefully shutting down
2025/12/16 01:44:53 [notice] 36#36: exiting
2025/12/16 01:44:53 [notice] 28#28: exiting
2025/12/16 01:44:53 [notice] 31#31: exit
2025/12/16 01:44:53 [notice] 35#35: gracefully shutting down
2025/12/16 01:44:53 [notice] 39#39: exiting
2025/12/16 01:44:53 [notice] 35#35: exiting
2025/12/16 01:44:53 [notice] 36#36: exit
2025/12/16 01:44:53 [notice] 28#28: exit
2025/12/16 01:44:53 [notice] 37#37: gracefully shutting down
2025/12/16 01:44:53 [notice] 39#39: exit
2025/12/16 01:44:53 [notice] 37#37: exiting
2025/12/16 01:44:53 [notice] 35#35: exit
2025/12/16 01:44:53 [notice] 37#37: exit
2025/12/16 01:44:53 [notice] 32#32: gracefully shutting down
2025/12/16 01:44:53 [notice] 32#32: exiting
2025/12/16 01:44:53 [notice] 32#32: exit
2025/12/16 01:44:53 [notice] 29#29: gracefully shutting down
2025/12/16 01:44:53 [notice] 29#29: exiting
2025/12/16 01:44:53 [notice] 29#29: exit
2025/12/16 01:44:53 [notice] 34#34: gracefully shutting down
2025/12/16 01:44:53 [notice] 34#34: exiting
2025/12/16 01:44:53 [notice] 34#34: exit
2025/12/16 01:44:53 [notice] 30#30: gracefully shutting down
2025/12/16 01:44:53 [notice] 30#30: exiting
2025/12/16 01:44:53 [notice] 30#30: exit
2025/12/16 01:44:53 [notice] 33#33: gracefully shutting down
2025/12/16 01:44:53 [notice] 33#33: exiting
2025/12/16 01:44:53 [notice] 33#33: exit
2025/12/16 01:44:53 [notice] 38#38: gracefully shutting down
2025/12/16 01:44:53 [notice] 38#38: exiting
2025/12/16 01:44:53 [notice] 38#38: exit
2025/12/16 01:44:53 [notice] 1#1: signal 17 (SIGCHLD) received from 34
2025/12/16 01:44:53 [notice] 1#1: worker process 34 exited with code 0
2025/12/16 01:44:53 [notice] 1#1: signal 29 (SIGIO) received
2025/12/16 01:44:53 [notice] 1#1: signal 17 (SIGCHLD) received from 36
2025/12/16 01:44:53 [notice] 1#1: worker process 36 exited with code 0
2025/12/16 01:44:53 [notice] 1#1: signal 29 (SIGIO) received
2025/12/16 01:44:53 [notice] 1#1: signal 17 (SIGCHLD) received from 37
2025/12/16 01:44:53 [notice] 1#1: worker process 29 exited with code 0
2025/12/16 01:44:53 [notice] 1#1: worker process 30 exited with code 0
2025/12/16 01:44:53 [notice] 1#1: worker process 31 exited with code 0
2025/12/16 01:44:53 [notice] 1#1: worker process 32 exited with code 0
2025/12/16 01:44:53 [notice] 1#1: worker process 33 exited with code 0
2025/12/16 01:44:53 [notice] 1#1: worker process 35 exited with code 0
2025/12/16 01:44:53 [notice] 1#1: worker process 37 exited with code 0
2025/12/16 01:44:53 [notice] 1#1: worker process 39 exited with code 0
2025/12/16 01:44:53 [notice] 1#1: signal 29 (SIGIO) received
2025/12/16 01:44:53 [notice] 1#1: signal 17 (SIGCHLD) received from 38
2025/12/16 01:44:53 [notice] 1#1: worker process 38 exited with code 0
2025/12/16 01:44:53 [notice] 1#1: signal 29 (SIGIO) received
2025/12/16 01:44:53 [notice] 1#1: signal 17 (SIGCHLD) received from 28
2025/12/16 01:44:53 [notice] 1#1: worker process 28 exited with code 0
2025/12/16 01:44:53 [notice] 1#1: exit
2025/12/16 13:03:09 [notice] 1#1: using the "epoll" event method
2025/12/16 13:03:09 [notice] 1#1: nginx/1.29.0
2025/12/16 13:03:09 [notice] 1#1: built by gcc 12.2.0 (Debian 12.2.0-14+deb12u1) 
2025/12/16 13:03:09 [notice] 1#1: OS: Linux 6.8.0-90-generic
2025/12/16 13:03:09 [notice] 1#1: getrlimit(RLIMIT_NOFILE): 1048576:1048576
2025/12/16 13:03:09 [notice] 1#1: start worker processes
2025/12/16 13:03:09 [notice] 1#1: start worker process 28
2025/12/16 13:03:09 [notice] 1#1: start worker process 29
2025/12/16 13:03:09 [notice] 1#1: start worker process 30
2025/12/16 13:03:09 [notice] 1#1: start worker process 31
2025/12/16 13:03:09 [notice] 1#1: start worker process 32
2025/12/16 13:03:09 [notice] 1#1: start worker process 33
2025/12/16 13:03:09 [notice] 1#1: start worker process 34
2025/12/16 13:03:09 [notice] 1#1: start worker process 35
2025/12/16 13:03:09 [notice] 1#1: start worker process 36
2025/12/16 13:03:09 [notice] 1#1: start worker process 37
2025/12/16 13:03:09 [notice] 1#1: start worker process 38
2025/12/16 13:03:09 [notice] 1#1: start worker process 39
2025/12/16 18:55:14 [notice] 1#1: signal 3 (SIGQUIT) received, shutting down
2025/12/16 18:55:14 [notice] 28#28: gracefully shutting down
2025/12/16 18:55:14 [notice] 31#31: gracefully shutting down
2025/12/16 18:55:14 [notice] 33#33: gracefully shutting down
2025/12/16 18:55:14 [notice] 38#38: gracefully shutting down
2025/12/16 18:55:14 [notice] 34#34: gracefully shutting down
2025/12/16 18:55:14 [notice] 39#39: gracefully shutting down
2025/12/16 18:55:14 [notice] 37#37: gracefully shutting down
2025/12/16 18:55:14 [notice] 32#32: gracefully shutting down
2025/12/16 18:55:14 [notice] 36#36: gracefully shutting down
2025/12/16 18:55:14 [notice] 35#35: gracefully shutting down
2025/12/16 18:55:14 [notice] 30#30: gracefully shutting down
2025/12/16 18:55:14 [notice] 36#36: exiting
2025/12/16 18:55:14 [notice] 39#39: exiting
2025/12/16 18:55:14 [notice] 34#34: exiting
2025/12/16 18:55:14 [notice] 37#37: exiting
2025/12/16 18:55:14 [notice] 38#38: exiting
2025/12/16 18:55:14 [notice] 28#28: exiting
2025/12/16 18:55:14 [notice] 32#32: exiting
2025/12/16 18:55:14 [notice] 35#35: exiting
2025/12/16 18:55:14 [notice] 31#31: exiting
2025/12/16 18:55:14 [notice] 30#30: exiting
2025/12/16 18:55:14 [notice] 33#33: exiting
2025/12/16 18:55:14 [notice] 29#29: gracefully shutting down
2025/12/16 18:55:14 [notice] 38#38: exit
2025/12/16 18:55:14 [notice] 28#28: exit
2025/12/16 18:55:14 [notice] 31#31: exit
2025/12/16 18:55:14 [notice] 32#32: exit
2025/12/16 18:55:14 [notice] 37#37: exit
2025/12/16 18:55:14 [notice] 33#33: exit
2025/12/16 18:55:14 [notice] 35#35: exit
2025/12/16 18:55:14 [notice] 36#36: exit
2025/12/16 18:55:14 [notice] 34#34: exit
2025/12/16 18:55:14 [notice] 30#30: exit
2025/12/16 18:55:14 [notice] 39#39: exit
2025/12/16 18:55:14 [notice] 29#29: exiting
2025/12/16 18:55:14 [notice] 29#29: exit
2025/12/16 18:55:14 [notice] 1#1: signal 17 (SIGCHLD) received from 39
2025/12/16 18:55:14 [notice] 1#1: worker process 39 exited with code 0
2025/12/16 18:55:14 [notice] 1#1: signal 29 (SIGIO) received
2025/12/16 18:55:14 [notice] 1#1: signal 17 (SIGCHLD) received from 33
2025/12/16 18:55:14 [notice] 1#1: worker process 33 exited with code 0
2025/12/16 18:55:14 [notice] 1#1: worker process 29 exited with code 0
2025/12/16 18:55:14 [notice] 1#1: worker process 30 exited with code 0
2025/12/16 18:55:14 [notice] 1#1: worker process 36 exited with code 0
2025/12/16 18:55:14 [notice] 1#1: worker process 38 exited with code 0
2025/12/16 18:55:14 [notice] 1#1: signal 29 (SIGIO) received
2025/12/16 18:55:14 [notice] 1#1: signal 17 (SIGCHLD) received from 30
2025/12/16 18:55:14 [notice] 1#1: worker process 34 exited with code 0
2025/12/16 18:55:14 [notice] 1#1: signal 29 (SIGIO) received
2025/12/16 18:55:14 [notice] 1#1: signal 17 (SIGCHLD) received from 34
2025/12/16 18:55:14 [notice] 1#1: signal 17 (SIGCHLD) received from 31
2025/12/16 18:55:14 [notice] 1#1: worker process 31 exited with code 0
2025/12/16 18:55:14 [notice] 1#1: worker process 28 exited with code 0
2025/12/16 18:55:14 [notice] 1#1: worker process 32 exited with code 0
2025/12/16 18:55:14 [notice] 1#1: worker process 37 exited with code 0
2025/12/16 18:55:14 [notice] 1#1: worker process 35 exited with code 0
2025/12/16 18:55:14 [notice] 1#1: exit
2026/01/12 13:05:56 [notice] 1#1: using the "epoll" event method
2026/01/12 13:05:56 [notice] 1#1: nginx/1.29.0
2026/01/12 13:05:56 [notice] 1#1: built by gcc 12.2.0 (Debian 12.2.0-14+deb12u1) 
2026/01/12 13:05:56 [notice] 1#1: OS: Linux 6.8.0-90-generic
2026/01/12 13:05:56 [notice] 1#1: getrlimit(RLIMIT_NOFILE): 1048576:1048576
2026/01/12 13:05:56 [notice] 1#1: start worker processes
2026/01/12 13:05:56 [notice] 1#1: start worker process 28
2026/01/12 13:05:56 [notice] 1#1: start worker process 29
2026/01/12 13:05:56 [notice] 1#1: start worker process 30
2026/01/12 13:05:56 [notice] 1#1: start worker process 31
2026/01/12 13:05:56 [notice] 1#1: start worker process 32
2026/01/12 13:05:56 [notice] 1#1: start worker process 33
2026/01/12 13:05:56 [notice] 1#1: start worker process 34
2026/01/12 13:05:56 [notice] 1#1: start worker process 35
2026/01/12 13:05:56 [notice] 1#1: start worker process 36
2026/01/12 13:05:56 [notice] 1#1: start worker process 37
2026/01/12 13:05:56 [notice] 1#1: start worker process 38
2026/01/12 13:05:56 [notice] 1#1: start worker process 39
2026/01/12 21:11:56 [notice] 1#1: signal 3 (SIGQUIT) received, shutting down
2026/01/12 21:11:56 [notice] 29#29: gracefully shutting down
2026/01/12 21:11:56 [notice] 36#36: gracefully shutting down
2026/01/12 21:11:56 [notice] 37#37: gracefully shutting down
2026/01/12 21:11:56 [notice] 39#39: gracefully shutting down
2026/01/12 21:11:56 [notice] 30#30: gracefully shutting down
2026/01/12 21:11:56 [notice] 33#33: gracefully shutting down
2026/01/12 21:11:56 [notice] 34#34: gracefully shutting down
2026/01/12 21:11:56 [notice] 38#38: gracefully shutting down
2026/01/12 21:11:56 [notice] 31#31: gracefully shutting down
2026/01/12 21:11:56 [notice] 35#35: gracefully shutting down
2026/01/12 21:11:56 [notice] 39#39: exiting
2026/01/12 21:11:56 [notice] 38#38: exiting
2026/01/12 21:11:56 [notice] 37#37: exiting
2026/01/12 21:11:56 [notice] 28#28: gracefully shutting down
2026/01/12 21:11:56 [notice] 36#36: exiting
2026/01/12 21:11:56 [notice] 32#32: gracefully shutting down
2026/01/12 21:11:56 [notice] 35#35: exiting
2026/01/12 21:11:56 [notice] 38#38: exit
2026/01/12 21:11:56 [notice] 39#39: exit
2026/01/12 21:11:56 [notice] 36#36: exit
2026/01/12 21:11:56 [notice] 37#37: exit
2026/01/12 21:11:56 [notice] 35#35: exit
2026/01/12 21:11:56 [notice] 29#29: exiting
2026/01/12 21:11:56 [notice] 30#30: exiting
2026/01/12 21:11:56 [notice] 34#34: exiting
2026/01/12 21:11:56 [notice] 33#33: exiting
2026/01/12 21:11:56 [notice] 32#32: exiting
2026/01/12 21:11:56 [notice] 29#29: exit
2026/01/12 21:11:56 [notice] 34#34: exit
2026/01/12 21:11:56 [notice] 30#30: exit
2026/01/12 21:11:56 [notice] 31#31: exiting
2026/01/12 21:11:56 [notice] 33#33: exit
2026/01/12 21:11:56 [notice] 32#32: exit
2026/01/12 21:11:56 [notice] 31#31: exit
2026/01/12 21:11:56 [notice] 28#28: exiting
2026/01/12 21:11:56 [notice] 28#28: exit
2026/01/12 21:11:56 [notice] 1#1: signal 17 (SIGCHLD) received from 28
2026/01/12 21:11:56 [notice] 1#1: worker process 28 exited with code 0
2026/01/12 21:11:56 [notice] 1#1: signal 29 (SIGIO) received
2026/01/12 21:11:56 [notice] 1#1: signal 17 (SIGCHLD) received from 39
2026/01/12 21:11:56 [notice] 1#1: worker process 39 exited with code 0
2026/01/12 21:11:56 [notice] 1#1: worker process 36 exited with code 0
2026/01/12 21:11:56 [notice] 1#1: signal 29 (SIGIO) received
2026/01/12 21:11:56 [notice] 1#1: signal 17 (SIGCHLD) received from 36
2026/01/12 21:11:56 [notice] 1#1: worker process 29 exited with code 0
2026/01/12 21:11:56 [notice] 1#1: worker process 35 exited with code 0
2026/01/12 21:11:56 [notice] 1#1: worker process 30 exited with code 0
2026/01/12 21:11:56 [notice] 1#1: signal 29 (SIGIO) received
2026/01/12 21:11:56 [notice] 1#1: signal 17 (SIGCHLD) received from 30
2026/01/12 21:11:56 [notice] 1#1: signal 17 (SIGCHLD) received from 38
2026/01/12 21:11:56 [notice] 1#1: worker process 31 exited with code 0
2026/01/12 21:11:56 [notice] 1#1: worker process 38 exited with code 0
2026/01/12 21:11:56 [notice] 1#1: signal 29 (SIGIO) received
2026/01/12 21:11:56 [notice] 1#1: signal 17 (SIGCHLD) received from 34
2026/01/12 21:11:56 [notice] 1#1: worker process 34 exited with code 0
2026/01/12 21:11:56 [notice] 1#1: signal 29 (SIGIO) received
2026/01/12 21:11:56 [notice] 1#1: signal 17 (SIGCHLD) received from 37
2026/01/12 21:11:56 [notice] 1#1: worker process 37 exited with code 0
2026/01/12 21:11:56 [notice] 1#1: signal 29 (SIGIO) received
2026/01/12 21:11:56 [notice] 1#1: signal 17 (SIGCHLD) received from 32
2026/01/12 21:11:56 [notice] 1#1: worker process 32 exited with code 0
2026/01/12 21:11:56 [notice] 1#1: signal 29 (SIGIO) received
2026/01/12 21:11:56 [notice] 1#1: signal 17 (SIGCHLD) received from 33
2026/01/12 21:11:56 [notice] 1#1: worker process 33 exited with code 0
2026/01/12 21:11:56 [notice] 1#1: exit
2026/01/13 12:46:35 [notice] 1#1: using the "epoll" event method
2026/01/13 12:46:35 [notice] 1#1: nginx/1.29.0
2026/01/13 12:46:35 [notice] 1#1: built by gcc 12.2.0 (Debian 12.2.0-14+deb12u1) 
2026/01/13 12:46:35 [notice] 1#1: OS: Linux 6.8.0-90-generic
2026/01/13 12:46:35 [notice] 1#1: getrlimit(RLIMIT_NOFILE): 1048576:1048576
2026/01/13 12:46:35 [notice] 1#1: start worker processes
2026/01/13 12:46:35 [notice] 1#1: start worker process 28
2026/01/13 12:46:35 [notice] 1#1: start worker process 29
2026/01/13 12:46:35 [notice] 1#1: start worker process 30
2026/01/13 12:46:35 [notice] 1#1: start worker process 31
2026/01/13 12:46:35 [notice] 1#1: start worker process 32
2026/01/13 12:46:35 [notice] 1#1: start worker process 33
2026/01/13 12:46:35 [notice] 1#1: start worker process 34
2026/01/13 12:46:35 [notice] 1#1: start worker process 35
2026/01/13 12:46:35 [notice] 1#1: start worker process 36
2026/01/13 12:46:35 [notice] 1#1: start worker process 37
2026/01/13 12:46:35 [notice] 1#1: start worker process 38
2026/01/13 12:46:35 [notice] 1#1: start worker process 39
2026/01/13 18:33:23 [notice] 1#1: signal 3 (SIGQUIT) received, shutting down
2026/01/13 18:33:23 [notice] 28#28: gracefully shutting down
2026/01/13 18:33:23 [notice] 29#29: gracefully shutting down
2026/01/13 18:33:23 [notice] 30#30: gracefully shutting down
2026/01/13 18:33:23 [notice] 39#39: gracefully shutting down
2026/01/13 18:33:23 [notice] 38#38: gracefully shutting down
2026/01/13 18:33:23 [notice] 39#39: exiting
2026/01/13 18:33:23 [notice] 30#30: exiting
2026/01/13 18:33:23 [notice] 35#35: gracefully shutting down
2026/01/13 18:33:23 [notice] 36#36: gracefully shutting down
2026/01/13 18:33:23 [notice] 32#32: gracefully shutting down
2026/01/13 18:33:23 [notice] 33#33: gracefully shutting down
2026/01/13 18:33:23 [notice] 29#29: exiting
2026/01/13 18:33:23 [notice] 31#31: gracefully shutting down
2026/01/13 18:33:23 [notice] 28#28: exiting
2026/01/13 18:33:23 [notice] 38#38: exiting
2026/01/13 18:33:23 [notice] 37#37: gracefully shutting down
2026/01/13 18:33:23 [notice] 34#34: gracefully shutting down
2026/01/13 18:33:23 [notice] 35#35: exiting
2026/01/13 18:33:23 [notice] 36#36: exiting
2026/01/13 18:33:23 [notice] 32#32: exiting
2026/01/13 18:33:23 [notice] 31#31: exiting
2026/01/13 18:33:23 [notice] 37#37: exiting
2026/01/13 18:33:23 [notice] 28#28: exit
2026/01/13 18:33:23 [notice] 29#29: exit
2026/01/13 18:33:23 [notice] 30#30: exit
2026/01/13 18:33:23 [notice] 33#33: exiting
2026/01/13 18:33:23 [notice] 38#38: exit
2026/01/13 18:33:23 [notice] 39#39: exit
2026/01/13 18:33:23 [notice] 34#34: exiting
2026/01/13 18:33:23 [notice] 35#35: exit
2026/01/13 18:33:23 [notice] 36#36: exit
2026/01/13 18:33:23 [notice] 31#31: exit
2026/01/13 18:33:23 [notice] 32#32: exit
2026/01/13 18:33:23 [notice] 37#37: exit
2026/01/13 18:33:23 [notice] 33#33: exit
2026/01/13 18:33:23 [notice] 34#34: exit
2026/01/13 18:33:23 [notice] 1#1: signal 17 (SIGCHLD) received from 38
2026/01/13 18:33:23 [notice] 1#1: worker process 30 exited with code 0
2026/01/13 18:33:23 [notice] 1#1: worker process 31 exited with code 0
2026/01/13 18:33:23 [notice] 1#1: worker process 32 exited with code 0
2026/01/13 18:33:23 [notice] 1#1: worker process 38 exited with code 0
2026/01/13 18:33:23 [notice] 1#1: signal 29 (SIGIO) received
2026/01/13 18:33:23 [notice] 1#1: signal 17 (SIGCHLD) received from 34
2026/01/13 18:33:23 [notice] 1#1: worker process 34 exited with code 0
2026/01/13 18:33:23 [notice] 1#1: signal 29 (SIGIO) received
2026/01/13 18:33:23 [notice] 1#1: signal 17 (SIGCHLD) received from 35
2026/01/13 18:33:23 [notice] 1#1: worker process 35 exited with code 0
2026/01/13 18:33:23 [notice] 1#1: worker process 28 exited with code 0
2026/01/13 18:33:23 [notice] 1#1: signal 29 (SIGIO) received
2026/01/13 18:33:23 [notice] 1#1: signal 17 (SIGCHLD) received from 28
2026/01/13 18:33:23 [notice] 1#1: worker process 29 exited with code 0
2026/01/13 18:33:23 [notice] 1#1: signal 29 (SIGIO) received
2026/01/13 18:33:23 [notice] 1#1: signal 17 (SIGCHLD) received from 33
2026/01/13 18:33:23 [notice] 1#1: worker process 33 exited with code 0
2026/01/13 18:33:23 [notice] 1#1: worker process 37 exited with code 0
2026/01/13 18:33:23 [notice] 1#1: signal 29 (SIGIO) received
2026/01/13 18:33:23 [notice] 1#1: signal 17 (SIGCHLD) received from 39
2026/01/13 18:33:23 [notice] 1#1: worker process 39 exited with code 0
2026/01/13 18:33:23 [notice] 1#1: signal 29 (SIGIO) received
2026/01/13 18:33:23 [notice] 1#1: signal 17 (SIGCHLD) received from 36
2026/01/13 18:33:23 [notice] 1#1: worker process 36 exited with code 0
2026/01/13 18:33:23 [notice] 1#1: exit
2026/01/19 13:50:00 [notice] 1#1: using the "epoll" event method
2026/01/19 13:50:00 [notice] 1#1: nginx/1.29.0
2026/01/19 13:50:00 [notice] 1#1: built by gcc 12.2.0 (Debian 12.2.0-14+deb12u1) 
2026/01/19 13:50:00 [notice] 1#1: OS: Linux 6.8.0-90-generic
2026/01/19 13:50:00 [notice] 1#1: getrlimit(RLIMIT_NOFILE): 1048576:1048576
2026/01/19 13:50:00 [notice] 1#1: start worker processes
2026/01/19 13:50:00 [notice] 1#1: start worker process 28
2026/01/19 13:50:00 [notice] 1#1: start worker process 29
2026/01/19 13:50:00 [notice] 1#1: start worker process 30
2026/01/19 13:50:00 [notice] 1#1: start worker process 31
2026/01/19 13:50:00 [notice] 1#1: start worker process 32
2026/01/19 13:50:00 [notice] 1#1: start worker process 33
2026/01/19 13:50:00 [notice] 1#1: start worker process 34
2026/01/19 13:50:00 [notice] 1#1: start worker process 35
2026/01/19 13:50:00 [notice] 1#1: start worker process 36
2026/01/19 13:50:00 [notice] 1#1: start worker process 37
2026/01/19 13:50:00 [notice] 1#1: start worker process 38
2026/01/19 13:50:00 [notice] 1#1: start worker process 39
2026/01/19 22:14:44 [notice] 1#1: signal 3 (SIGQUIT) received, shutting down
2026/01/19 22:14:44 [notice] 28#28: gracefully shutting down
2026/01/19 22:14:44 [notice] 29#29: gracefully shutting down
2026/01/19 22:14:44 [notice] 32#32: gracefully shutting down
2026/01/19 22:14:44 [notice] 30#30: gracefully shutting down
2026/01/19 22:14:44 [notice] 38#38: gracefully shutting down
2026/01/19 22:14:44 [notice] 31#31: gracefully shutting down
2026/01/19 22:14:44 [notice] 37#37: gracefully shutting down
2026/01/19 22:14:44 [notice] 34#34: gracefully shutting down
2026/01/19 22:14:44 [notice] 35#35: gracefully shutting down
2026/01/19 22:14:44 [notice] 36#36: gracefully shutting down
2026/01/19 22:14:44 [notice] 39#39: gracefully shutting down
2026/01/19 22:14:44 [notice] 33#33: gracefully shutting down
2026/01/19 22:14:44 [notice] 29#29: exiting
2026/01/19 22:14:44 [notice] 34#34: exiting
2026/01/19 22:14:44 [notice] 36#36: exiting
2026/01/19 22:14:44 [notice] 30#30: exiting
2026/01/19 22:14:44 [notice] 39#39: exiting
2026/01/19 22:14:44 [notice] 28#28: exiting
2026/01/19 22:14:44 [notice] 37#37: exiting
2026/01/19 22:14:44 [notice] 35#35: exiting
2026/01/19 22:14:44 [notice] 38#38: exiting
2026/01/19 22:14:44 [notice] 31#31: exiting
2026/01/19 22:14:44 [notice] 32#32: exiting
2026/01/19 22:14:44 [notice] 33#33: exiting
2026/01/19 22:14:44 [notice] 30#30: exit
2026/01/19 22:14:44 [notice] 29#29: exit
2026/01/19 22:14:44 [notice] 39#39: exit
2026/01/19 22:14:44 [notice] 28#28: exit
2026/01/19 22:14:44 [notice] 34#34: exit
2026/01/19 22:14:44 [notice] 38#38: exit
2026/01/19 22:14:44 [notice] 31#31: exit
2026/01/19 22:14:44 [notice] 32#32: exit
2026/01/19 22:14:44 [notice] 35#35: exit
2026/01/19 22:14:44 [notice] 37#37: exit
2026/01/19 22:14:44 [notice] 36#36: exit
2026/01/19 22:14:44 [notice] 33#33: exit
2026/01/19 22:14:44 [notice] 1#1: signal 17 (SIGCHLD) received from 39
2026/01/19 22:14:44 [notice] 1#1: worker process 34 exited with code 0
2026/01/19 22:14:44 [notice] 1#1: worker process 36 exited with code 0
2026/01/19 22:14:44 [notice] 1#1: worker process 39 exited with code 0
2026/01/19 22:14:44 [notice] 1#1: signal 29 (SIGIO) received
2026/01/19 22:14:44 [notice] 1#1: signal 17 (SIGCHLD) received from 34
2026/01/19 22:14:44 [notice] 1#1: signal 17 (SIGCHLD) received from 28
2026/01/19 22:14:44 [notice] 1#1: worker process 28 exited with code 0
2026/01/19 22:14:44 [notice] 1#1: signal 29 (SIGIO) received
2026/01/19 22:14:44 [notice] 1#1: signal 17 (SIGCHLD) received from 38
2026/01/19 22:14:44 [notice] 1#1: worker process 31 exited with code 0
2026/01/19 22:14:44 [notice] 1#1: worker process 38 exited with code 0
2026/01/19 22:14:44 [notice] 1#1: worker process 33 exited with code 0
2026/01/19 22:14:44 [notice] 1#1: signal 29 (SIGIO) received
2026/01/19 22:14:44 [notice] 1#1: signal 17 (SIGCHLD) received from 33
2026/01/19 22:14:44 [notice] 1#1: worker process 29 exited with code 0
2026/01/19 22:14:44 [notice] 1#1: signal 29 (SIGIO) received
2026/01/19 22:14:44 [notice] 1#1: signal 17 (SIGCHLD) received from 37
2026/01/19 22:14:44 [notice] 1#1: worker process 37 exited with code 0
2026/01/19 22:14:44 [notice] 1#1: signal 29 (SIGIO) received
2026/01/19 22:14:44 [notice] 1#1: signal 17 (SIGCHLD) received from 32
2026/01/19 22:14:44 [notice] 1#1: worker process 32 exited with code 0
2026/01/19 22:14:44 [notice] 1#1: signal 29 (SIGIO) received
2026/01/19 22:14:44 [notice] 1#1: signal 17 (SIGCHLD) received from 35
2026/01/19 22:14:44 [notice] 1#1: worker process 35 exited with code 0
2026/01/19 22:14:44 [notice] 1#1: signal 17 (SIGCHLD) received from 30
2026/01/19 22:14:44 [notice] 1#1: worker process 30 exited with code 0
2026/01/19 22:14:44 [notice] 1#1: exit
2026/01/20 13:59:45 [notice] 1#1: using the "epoll" event method
2026/01/20 13:59:45 [notice] 1#1: nginx/1.29.0
2026/01/20 13:59:45 [notice] 1#1: built by gcc 12.2.0 (Debian 12.2.0-14+deb12u1) 
2026/01/20 13:59:45 [notice] 1#1: OS: Linux 6.8.0-90-generic
2026/01/20 13:59:45 [notice] 1#1: getrlimit(RLIMIT_NOFILE): 1048576:1048576
2026/01/20 13:59:45 [notice] 1#1: start worker processes
2026/01/20 13:59:45 [notice] 1#1: start worker process 28
2026/01/20 13:59:45 [notice] 1#1: start worker process 29
2026/01/20 13:59:45 [notice] 1#1: start worker process 30
2026/01/20 13:59:45 [notice] 1#1: start worker process 31
2026/01/20 13:59:45 [notice] 1#1: start worker process 32
2026/01/20 13:59:45 [notice] 1#1: start worker process 33
2026/01/20 13:59:45 [notice] 1#1: start worker process 34
2026/01/20 13:59:45 [notice] 1#1: start worker process 35
2026/01/20 13:59:45 [notice] 1#1: start worker process 36
2026/01/20 13:59:45 [notice] 1#1: start worker process 37
2026/01/20 13:59:45 [notice] 1#1: start worker process 38
2026/01/20 13:59:45 [notice] 1#1: start worker process 39
2026/01/20 17:57:01 [notice] 1#1: signal 3 (SIGQUIT) received, shutting down
2026/01/20 17:57:01 [notice] 33#33: gracefully shutting down
2026/01/20 17:57:01 [notice] 28#28: gracefully shutting down
2026/01/20 17:57:01 [notice] 33#33: exiting
2026/01/20 17:57:01 [notice] 28#28: exiting
2026/01/20 17:57:01 [notice] 33#33: exit
2026/01/20 17:57:01 [notice] 28#28: exit
2026/01/20 17:57:01 [notice] 38#38: gracefully shutting down
2026/01/20 17:57:01 [notice] 38#38: exiting
2026/01/20 17:57:01 [notice] 38#38: exit
2026/01/20 17:57:01 [notice] 30#30: gracefully shutting down
2026/01/20 17:57:01 [notice] 30#30: exiting
2026/01/20 17:57:01 [notice] 30#30: exit
2026/01/20 17:57:01 [notice] 35#35: gracefully shutting down
2026/01/20 17:57:01 [notice] 35#35: exiting
2026/01/20 17:57:01 [notice] 35#35: exit
2026/01/20 17:57:01 [notice] 29#29: gracefully shutting down
2026/01/20 17:57:01 [notice] 29#29: exiting
2026/01/20 17:57:01 [notice] 29#29: exit
2026/01/20 17:57:01 [notice] 31#31: gracefully shutting down
2026/01/20 17:57:01 [notice] 31#31: exiting
2026/01/20 17:57:01 [notice] 31#31: exit
2026/01/20 17:57:01 [notice] 36#36: gracefully shutting down
2026/01/20 17:57:01 [notice] 36#36: exiting
2026/01/20 17:57:01 [notice] 36#36: exit
2026/01/20 17:57:01 [notice] 32#32: gracefully shutting down
2026/01/20 17:57:01 [notice] 32#32: exiting
2026/01/20 17:57:01 [notice] 32#32: exit
2026/01/20 17:57:01 [notice] 37#37: gracefully shutting down
2026/01/20 17:57:01 [notice] 37#37: exiting
2026/01/20 17:57:01 [notice] 37#37: exit
2026/01/20 17:57:01 [notice] 39#39: gracefully shutting down
2026/01/20 17:57:01 [notice] 39#39: exiting
2026/01/20 17:57:01 [notice] 39#39: exit
2026/01/20 17:57:01 [notice] 34#34: gracefully shutting down
2026/01/20 17:57:01 [notice] 34#34: exiting
2026/01/20 17:57:01 [notice] 34#34: exit
2026/01/20 17:57:01 [notice] 1#1: signal 17 (SIGCHLD) received from 31
2026/01/20 17:57:01 [notice] 1#1: worker process 28 exited with code 0
2026/01/20 17:57:01 [notice] 1#1: worker process 31 exited with code 0
2026/01/20 17:57:01 [notice] 1#1: worker process 36 exited with code 0
2026/01/20 17:57:01 [notice] 1#1: worker process 37 exited with code 0
2026/01/20 17:57:01 [notice] 1#1: signal 29 (SIGIO) received
2026/01/20 17:57:01 [notice] 1#1: signal 17 (SIGCHLD) received from 39
2026/01/20 17:57:01 [notice] 1#1: worker process 29 exited with code 0
2026/01/20 17:57:01 [notice] 1#1: worker process 33 exited with code 0
2026/01/20 17:57:01 [notice] 1#1: worker process 39 exited with code 0
2026/01/20 17:57:01 [notice] 1#1: signal 29 (SIGIO) received
2026/01/20 17:57:01 [notice] 1#1: signal 17 (SIGCHLD) received from 38
2026/01/20 17:57:01 [notice] 1#1: worker process 38 exited with code 0
2026/01/20 17:57:01 [notice] 1#1: signal 29 (SIGIO) received
2026/01/20 17:57:01 [notice] 1#1: signal 17 (SIGCHLD) received from 35
2026/01/20 17:57:01 [notice] 1#1: worker process 35 exited with code 0
2026/01/20 17:57:01 [notice] 1#1: signal 29 (SIGIO) received
2026/01/20 17:57:01 [notice] 1#1: signal 17 (SIGCHLD) received from 34
2026/01/20 17:57:01 [notice] 1#1: worker process 34 exited with code 0
2026/01/20 17:57:01 [notice] 1#1: signal 29 (SIGIO) received
2026/01/20 17:57:01 [notice] 1#1: signal 17 (SIGCHLD) received from 32
2026/01/20 17:57:01 [notice] 1#1: worker process 32 exited with code 0
2026/01/20 17:57:01 [notice] 1#1: signal 29 (SIGIO) received
2026/01/20 17:57:01 [notice] 1#1: signal 17 (SIGCHLD) received from 30
2026/01/20 17:57:01 [notice] 1#1: worker process 30 exited with code 0
2026/01/20 17:57:01 [notice] 1#1: exit
2026/01/25 17:31:14 [notice] 1#1: using the "epoll" event method
2026/01/25 17:31:14 [notice] 1#1: nginx/1.29.0
2026/01/25 17:31:14 [notice] 1#1: built by gcc 12.2.0 (Debian 12.2.0-14+deb12u1) 
2026/01/25 17:31:14 [notice] 1#1: OS: Linux 6.8.0-90-generic
2026/01/25 17:31:14 [notice] 1#1: getrlimit(RLIMIT_NOFILE): 1048576:1048576
2026/01/25 17:31:14 [notice] 1#1: start worker processes
2026/01/25 17:31:14 [notice] 1#1: start worker process 28
2026/01/25 17:31:14 [notice] 1#1: start worker process 29
2026/01/25 17:31:14 [notice] 1#1: start worker process 30
2026/01/25 17:31:14 [notice] 1#1: start worker process 31
2026/01/25 17:31:14 [notice] 1#1: start worker process 32
2026/01/25 17:31:14 [notice] 1#1: start worker process 33
2026/01/25 17:31:14 [notice] 1#1: start worker process 34
2026/01/25 17:31:14 [notice] 1#1: start worker process 35
2026/01/25 17:31:14 [notice] 1#1: start worker process 36
2026/01/25 17:31:14 [notice] 1#1: start worker process 37
2026/01/25 17:31:14 [notice] 1#1: start worker process 38
2026/01/25 17:31:14 [notice] 1#1: start worker process 39
2026/01/25 19:51:18 [notice] 1#1: using the "epoll" event method
2026/01/25 19:51:18 [notice] 1#1: nginx/1.29.0
2026/01/25 19:51:18 [notice] 1#1: built by gcc 12.2.0 (Debian 12.2.0-14+deb12u1) 
2026/01/25 19:51:18 [notice] 1#1: OS: Linux 6.8.0-90-generic
2026/01/25 19:51:18 [notice] 1#1: getrlimit(RLIMIT_NOFILE): 1048576:1048576
2026/01/25 19:51:18 [notice] 1#1: start worker processes
2026/01/25 19:51:18 [notice] 1#1: start worker process 28
2026/01/25 19:51:18 [notice] 1#1: start worker process 29
2026/01/25 19:51:18 [notice] 1#1: start worker process 30
2026/01/25 19:51:18 [notice] 1#1: start worker process 31
2026/01/25 19:51:18 [notice] 1#1: start worker process 32
2026/01/25 19:51:18 [notice] 1#1: start worker process 33
2026/01/25 19:51:18 [notice] 1#1: start worker process 34
2026/01/25 19:51:18 [notice] 1#1: start worker process 35
2026/01/25 19:51:18 [notice] 1#1: start worker process 36
2026/01/25 19:51:18 [notice] 1#1: start worker process 37
2026/01/25 19:51:18 [notice] 1#1: start worker process 38
2026/01/25 19:51:18 [notice] 1#1: start worker process 39
2026/01/25 20:53:32 [notice] 1#1: signal 3 (SIGQUIT) received, shutting down
2026/01/25 20:53:32 [notice] 28#28: gracefully shutting down
2026/01/25 20:53:32 [notice] 39#39: gracefully shutting down
2026/01/25 20:53:32 [notice] 32#32: gracefully shutting down
2026/01/25 20:53:32 [notice] 33#33: gracefully shutting down
2026/01/25 20:53:32 [notice] 35#35: gracefully shutting down
2026/01/25 20:53:32 [notice] 31#31: gracefully shutting down
2026/01/25 20:53:32 [notice] 34#34: gracefully shutting down
2026/01/25 20:53:32 [notice] 36#36: gracefully shutting down
2026/01/25 20:53:32 [notice] 37#37: gracefully shutting down
2026/01/25 20:53:32 [notice] 38#38: gracefully shutting down
2026/01/25 20:53:32 [notice] 30#30: gracefully shutting down
2026/01/25 20:53:32 [notice] 29#29: gracefully shutting down
2026/01/25 20:53:32 [notice] 32#32: exiting
2026/01/25 20:53:32 [notice] 28#28: exiting
2026/01/25 20:53:32 [notice] 35#35: exiting
2026/01/25 20:53:32 [notice] 34#34: exiting
2026/01/25 20:53:32 [notice] 36#36: exiting
2026/01/25 20:53:32 [notice] 33#33: exiting
2026/01/25 20:53:32 [notice] 38#38: exiting
2026/01/25 20:53:32 [notice] 37#37: exiting
2026/01/25 20:53:32 [notice] 31#31: exiting
2026/01/25 20:53:32 [notice] 39#39: exiting
2026/01/25 20:53:32 [notice] 39#39: exit
2026/01/25 20:53:32 [notice] 36#36: exit
2026/01/25 20:53:32 [notice] 28#28: exit
2026/01/25 20:53:32 [notice] 30#30: exiting
2026/01/25 20:53:32 [notice] 31#31: exit
2026/01/25 20:53:32 [notice] 32#32: exit
2026/01/25 20:53:32 [notice] 34#34: exit
2026/01/25 20:53:32 [notice] 37#37: exit
2026/01/25 20:53:32 [notice] 29#29: exiting
2026/01/25 20:53:32 [notice] 33#33: exit
2026/01/25 20:53:32 [notice] 35#35: exit
2026/01/25 20:53:32 [notice] 38#38: exit
2026/01/25 20:53:32 [notice] 30#30: exit
2026/01/25 20:53:32 [notice] 29#29: exit
2026/01/25 20:53:32 [notice] 1#1: signal 17 (SIGCHLD) received from 34
2026/01/25 20:53:32 [notice] 1#1: worker process 34 exited with code 0
2026/01/25 20:53:32 [notice] 1#1: signal 29 (SIGIO) received
2026/01/25 20:53:32 [notice] 1#1: signal 17 (SIGCHLD) received from 32
2026/01/25 20:53:32 [notice] 1#1: worker process 32 exited with code 0
2026/01/25 20:53:32 [notice] 1#1: signal 29 (SIGIO) received
2026/01/25 20:53:32 [notice] 1#1: signal 17 (SIGCHLD) received from 39
2026/01/25 20:53:32 [notice] 1#1: worker process 36 exited with code 0
2026/01/25 20:53:32 [notice] 1#1: worker process 39 exited with code 0
2026/01/25 20:53:32 [notice] 1#1: signal 29 (SIGIO) received
2026/01/25 20:53:32 [notice] 1#1: signal 17 (SIGCHLD) received from 29
2026/01/25 20:53:32 [notice] 1#1: worker process 29 exited with code 0
2026/01/25 20:53:32 [notice] 1#1: signal 29 (SIGIO) received
2026/01/25 20:53:32 [notice] 1#1: signal 17 (SIGCHLD) received from 33
2026/01/25 20:53:32 [notice] 1#1: worker process 33 exited with code 0
2026/01/25 20:53:32 [notice] 1#1: signal 29 (SIGIO) received
2026/01/25 20:53:32 [notice] 1#1: signal 17 (SIGCHLD) received from 35
2026/01/25 20:53:32 [notice] 1#1: worker process 35 exited with code 0
2026/01/25 20:53:32 [notice] 1#1: signal 29 (SIGIO) received
2026/01/25 20:53:32 [notice] 1#1: signal 17 (SIGCHLD) received from 31
2026/01/25 20:53:32 [notice] 1#1: worker process 31 exited with code 0
2026/01/25 20:53:32 [notice] 1#1: worker process 37 exited with code 0
2026/01/25 20:53:32 [notice] 1#1: signal 29 (SIGIO) received
2026/01/25 20:53:32 [notice] 1#1: signal 17 (SIGCHLD) received from 37
2026/01/25 20:53:32 [notice] 1#1: signal 17 (SIGCHLD) received from 30
2026/01/25 20:53:32 [notice] 1#1: worker process 30 exited with code 0
2026/01/25 20:53:32 [notice] 1#1: signal 29 (SIGIO) received
2026/01/25 20:53:32 [notice] 1#1: signal 17 (SIGCHLD) received from 28
2026/01/25 20:53:32 [notice] 1#1: worker process 28 exited with code 0
2026/01/25 20:53:32 [notice] 1#1: signal 17 (SIGCHLD) received from 38
2026/01/25 20:53:32 [notice] 1#1: worker process 38 exited with code 0
2026/01/25 20:53:32 [notice] 1#1: exit
2026/01/25 20:53:32 [notice] 1#1: using the "epoll" event method
2026/01/25 20:53:32 [notice] 1#1: nginx/1.29.0
2026/01/25 20:53:32 [notice] 1#1: built by gcc 12.2.0 (Debian 12.2.0-14+deb12u1) 
2026/01/25 20:53:32 [notice] 1#1: OS: Linux 6.8.0-90-generic
2026/01/25 20:53:32 [notice] 1#1: getrlimit(RLIMIT_NOFILE): 1048576:1048576
2026/01/25 20:53:32 [notice] 1#1: start worker processes
2026/01/25 20:53:32 [notice] 1#1: start worker process 28
2026/01/25 20:53:32 [notice] 1#1: start worker process 29
2026/01/25 20:53:32 [notice] 1#1: start worker process 30
2026/01/25 20:53:32 [notice] 1#1: start worker process 31
2026/01/25 20:53:32 [notice] 1#1: start worker process 32
2026/01/25 20:53:32 [notice] 1#1: start worker process 33
2026/01/25 20:53:32 [notice] 1#1: start worker process 34
2026/01/25 20:53:32 [notice] 1#1: start worker process 35
2026/01/25 20:53:32 [notice] 1#1: start worker process 36
2026/01/25 20:53:32 [notice] 1#1: start worker process 37
2026/01/25 20:53:32 [notice] 1#1: start worker process 38
2026/01/25 20:53:32 [notice] 1#1: start worker process 39
2026/01/25 20:57:24 [notice] 1#1: signal 3 (SIGQUIT) received, shutting down
2026/01/25 20:57:24 [notice] 28#28: gracefully shutting down
2026/01/25 20:57:24 [notice] 29#29: gracefully shutting down
2026/01/25 20:57:24 [notice] 30#30: gracefully shutting down
2026/01/25 20:57:24 [notice] 31#31: gracefully shutting down
2026/01/25 20:57:24 [notice] 32#32: gracefully shutting down
2026/01/25 20:57:24 [notice] 28#28: exiting
2026/01/25 20:57:24 [notice] 29#29: exiting
2026/01/25 20:57:24 [notice] 33#33: gracefully shutting down
2026/01/25 20:57:24 [notice] 30#30: exiting
2026/01/25 20:57:24 [notice] 31#31: exiting
2026/01/25 20:57:24 [notice] 32#32: exiting
2026/01/25 20:57:24 [notice] 34#34: gracefully shutting down
2026/01/25 20:57:24 [notice] 33#33: exiting
2026/01/25 20:57:24 [notice] 34#34: exiting
2026/01/25 20:57:24 [notice] 28#28: exit
2026/01/25 20:57:24 [notice] 29#29: exit
2026/01/25 20:57:24 [notice] 30#30: exit
2026/01/25 20:57:24 [notice] 31#31: exit
2026/01/25 20:57:24 [notice] 32#32: exit
2026/01/25 20:57:24 [notice] 33#33: exit
2026/01/25 20:57:24 [notice] 34#34: exit
2026/01/25 20:57:24 [notice] 35#35: gracefully shutting down
2026/01/25 20:57:24 [notice] 35#35: exiting
2026/01/25 20:57:24 [notice] 36#36: gracefully shutting down
2026/01/25 20:57:24 [notice] 37#37: gracefully shutting down
2026/01/25 20:57:24 [notice] 36#36: exiting
2026/01/25 20:57:24 [notice] 37#37: exiting
2026/01/25 20:57:24 [notice] 35#35: exit
2026/01/25 20:57:24 [notice] 36#36: exit
2026/01/25 20:57:24 [notice] 37#37: exit
2026/01/25 20:57:24 [notice] 38#38: gracefully shutting down
2026/01/25 20:57:24 [notice] 38#38: exiting
2026/01/25 20:57:24 [notice] 38#38: exit
2026/01/25 20:57:24 [notice] 39#39: gracefully shutting down
2026/01/25 20:57:24 [notice] 39#39: exiting
2026/01/25 20:57:24 [notice] 39#39: exit
2026/01/25 20:57:24 [notice] 1#1: signal 17 (SIGCHLD) received from 33
2026/01/25 20:57:24 [notice] 1#1: worker process 29 exited with code 0
2026/01/25 20:57:24 [notice] 1#1: worker process 28 exited with code 0
2026/01/25 20:57:24 [notice] 1#1: worker process 30 exited with code 0
2026/01/25 20:57:24 [notice] 1#1: worker process 33 exited with code 0
2026/01/25 20:57:24 [notice] 1#1: worker process 37 exited with code 0
2026/01/25 20:57:24 [notice] 1#1: signal 29 (SIGIO) received
2026/01/25 20:57:24 [notice] 1#1: signal 17 (SIGCHLD) received from 37
2026/01/25 20:57:24 [notice] 1#1: signal 17 (SIGCHLD) received from 31
2026/01/25 20:57:24 [notice] 1#1: worker process 31 exited with code 0
2026/01/25 20:57:24 [notice] 1#1: signal 29 (SIGIO) received
2026/01/25 20:57:24 [notice] 1#1: signal 17 (SIGCHLD) received from 34
2026/01/25 20:57:24 [notice] 1#1: worker process 34 exited with code 0
2026/01/25 20:57:24 [notice] 1#1: worker process 36 exited with code 0
2026/01/25 20:57:24 [notice] 1#1: signal 29 (SIGIO) received
2026/01/25 20:57:24 [notice] 1#1: signal 17 (SIGCHLD) received from 36
2026/01/25 20:57:24 [notice] 1#1: signal 17 (SIGCHLD) received from 35
2026/01/25 20:57:24 [notice] 1#1: worker process 35 exited with code 0
2026/01/25 20:57:24 [notice] 1#1: worker process 38 exited with code 0
2026/01/25 20:57:24 [notice] 1#1: worker process 39 exited with code 0
2026/01/25 20:57:24 [notice] 1#1: signal 29 (SIGIO) received
2026/01/25 20:57:24 [notice] 1#1: signal 17 (SIGCHLD) received from 38
2026/01/25 20:57:24 [notice] 1#1: signal 17 (SIGCHLD) received from 32
2026/01/25 20:57:24 [notice] 1#1: worker process 32 exited with code 0
2026/01/25 20:57:24 [notice] 1#1: exit
2026/01/25 20:57:25 [notice] 1#1: using the "epoll" event method
2026/01/25 20:57:25 [notice] 1#1: nginx/1.29.0
2026/01/25 20:57:25 [notice] 1#1: built by gcc 12.2.0 (Debian 12.2.0-14+deb12u1) 
2026/01/25 20:57:25 [notice] 1#1: OS: Linux 6.8.0-90-generic
2026/01/25 20:57:25 [notice] 1#1: getrlimit(RLIMIT_NOFILE): 1048576:1048576
2026/01/25 20:57:25 [notice] 1#1: start worker processes
2026/01/25 20:57:25 [notice] 1#1: start worker process 28
2026/01/25 20:57:25 [notice] 1#1: start worker process 29
2026/01/25 20:57:25 [notice] 1#1: start worker process 30
2026/01/25 20:57:25 [notice] 1#1: start worker process 31
2026/01/25 20:57:25 [notice] 1#1: start worker process 32
2026/01/25 20:57:25 [notice] 1#1: start worker process 33
2026/01/25 20:57:25 [notice] 1#1: start worker process 34
2026/01/25 20:57:25 [notice] 1#1: start worker process 35
2026/01/25 20:57:25 [notice] 1#1: start worker process 36
2026/01/25 20:57:25 [notice] 1#1: start worker process 37
2026/01/25 20:57:25 [notice] 1#1: start worker process 38
2026/01/25 20:57:25 [notice] 1#1: start worker process 39
2026/01/25 21:03:42 [notice] 1#1: signal 3 (SIGQUIT) received, shutting down
2026/01/25 21:03:42 [notice] 28#28: gracefully shutting down
2026/01/25 21:03:42 [notice] 29#29: gracefully shutting down
2026/01/25 21:03:42 [notice] 30#30: gracefully shutting down
2026/01/25 21:03:42 [notice] 31#31: gracefully shutting down
2026/01/25 21:03:42 [notice] 32#32: gracefully shutting down
2026/01/25 21:03:42 [notice] 28#28: exiting
2026/01/25 21:03:42 [notice] 29#29: exiting
2026/01/25 21:03:42 [notice] 30#30: exiting
2026/01/25 21:03:42 [notice] 35#35: gracefully shutting down
2026/01/25 21:03:42 [notice] 31#31: exiting
2026/01/25 21:03:42 [notice] 32#32: exiting
2026/01/25 21:03:42 [notice] 33#33: gracefully shutting down
2026/01/25 21:03:42 [notice] 35#35: exiting
2026/01/25 21:03:42 [notice] 33#33: exiting
2026/01/25 21:03:42 [notice] 30#30: exit
2026/01/25 21:03:42 [notice] 28#28: exit
2026/01/25 21:03:42 [notice] 29#29: exit
2026/01/25 21:03:42 [notice] 32#32: exit
2026/01/25 21:03:42 [notice] 31#31: exit
2026/01/25 21:03:42 [notice] 35#35: exit
2026/01/25 21:03:42 [notice] 33#33: exit
2026/01/25 21:03:42 [notice] 34#34: gracefully shutting down
2026/01/25 21:03:42 [notice] 34#34: exiting
2026/01/25 21:03:42 [notice] 34#34: exit
2026/01/25 21:03:42 [notice] 39#39: gracefully shutting down
2026/01/25 21:03:42 [notice] 39#39: exiting
2026/01/25 21:03:42 [notice] 39#39: exit
2026/01/25 21:03:42 [notice] 36#36: gracefully shutting down
2026/01/25 21:03:42 [notice] 36#36: exiting
2026/01/25 21:03:42 [notice] 37#37: gracefully shutting down
2026/01/25 21:03:42 [notice] 38#38: gracefully shutting down
2026/01/25 21:03:42 [notice] 37#37: exiting
2026/01/25 21:03:42 [notice] 36#36: exit
2026/01/25 21:03:42 [notice] 38#38: exiting
2026/01/25 21:03:42 [notice] 37#37: exit
2026/01/25 21:03:42 [notice] 38#38: exit
2026/01/25 21:03:42 [notice] 1#1: signal 17 (SIGCHLD) received from 35
2026/01/25 21:03:42 [notice] 1#1: worker process 32 exited with code 0
2026/01/25 21:03:42 [notice] 1#1: worker process 28 exited with code 0
2026/01/25 21:03:42 [notice] 1#1: worker process 33 exited with code 0
2026/01/25 21:03:42 [notice] 1#1: worker process 35 exited with code 0
2026/01/25 21:03:42 [notice] 1#1: worker process 36 exited with code 0
2026/01/25 21:03:42 [notice] 1#1: worker process 37 exited with code 0
2026/01/25 21:03:42 [notice] 1#1: signal 29 (SIGIO) received
2026/01/25 21:03:42 [notice] 1#1: signal 17 (SIGCHLD) received from 37
2026/01/25 21:03:42 [notice] 1#1: signal 17 (SIGCHLD) received from 34
2026/01/25 21:03:42 [notice] 1#1: worker process 34 exited with code 0
2026/01/25 21:03:42 [notice] 1#1: signal 29 (SIGIO) received
2026/01/25 21:03:42 [notice] 1#1: signal 17 (SIGCHLD) received from 29
2026/01/25 21:03:42 [notice] 1#1: worker process 29 exited with code 0
2026/01/25 21:03:42 [notice] 1#1: signal 29 (SIGIO) received
2026/01/25 21:03:42 [notice] 1#1: signal 17 (SIGCHLD) received from 30
2026/01/25 21:03:42 [notice] 1#1: worker process 30 exited with code 0
2026/01/25 21:03:42 [notice] 1#1: signal 29 (SIGIO) received
2026/01/25 21:03:42 [notice] 1#1: signal 17 (SIGCHLD) received from 39
2026/01/25 21:03:42 [notice] 1#1: worker process 39 exited with code 0
2026/01/25 21:03:42 [notice] 1#1: signal 17 (SIGCHLD) received from 38
2026/01/25 21:03:42 [notice] 1#1: worker process 31 exited with code 0
2026/01/25 21:03:42 [notice] 1#1: worker process 38 exited with code 0
2026/01/25 21:03:42 [notice] 1#1: exit
2026/01/25 21:03:42 [notice] 1#1: using the "epoll" event method
2026/01/25 21:03:42 [notice] 1#1: nginx/1.29.0
2026/01/25 21:03:42 [notice] 1#1: built by gcc 12.2.0 (Debian 12.2.0-14+deb12u1) 
2026/01/25 21:03:42 [notice] 1#1: OS: Linux 6.8.0-90-generic
2026/01/25 21:03:42 [notice] 1#1: getrlimit(RLIMIT_NOFILE): 1048576:1048576
2026/01/25 21:03:42 [notice] 1#1: start worker processes
2026/01/25 21:03:42 [notice] 1#1: start worker process 28
2026/01/25 21:03:42 [notice] 1#1: start worker process 29
2026/01/25 21:03:42 [notice] 1#1: start worker process 30
2026/01/25 21:03:42 [notice] 1#1: start worker process 31
2026/01/25 21:03:42 [notice] 1#1: start worker process 32
2026/01/25 21:03:42 [notice] 1#1: start worker process 33
2026/01/25 21:03:42 [notice] 1#1: start worker process 34
2026/01/25 21:03:42 [notice] 1#1: start worker process 35
2026/01/25 21:03:42 [notice] 1#1: start worker process 36
2026/01/25 21:03:42 [notice] 1#1: start worker process 37
2026/01/25 21:03:42 [notice] 1#1: start worker process 38
2026/01/25 21:03:42 [notice] 1#1: start worker process 39
2026/01/25 21:08:38 [notice] 1#1: signal 3 (SIGQUIT) received, shutting down
2026/01/25 21:08:38 [notice] 28#28: gracefully shutting down
2026/01/25 21:08:38 [notice] 29#29: gracefully shutting down
2026/01/25 21:08:38 [notice] 30#30: gracefully shutting down
2026/01/25 21:08:38 [notice] 31#31: gracefully shutting down
2026/01/25 21:08:38 [notice] 32#32: gracefully shutting down
2026/01/25 21:08:38 [notice] 28#28: exiting
2026/01/25 21:08:38 [notice] 29#29: exiting
2026/01/25 21:08:38 [notice] 30#30: exiting
2026/01/25 21:08:38 [notice] 34#34: gracefully shutting down
2026/01/25 21:08:38 [notice] 33#33: gracefully shutting down
2026/01/25 21:08:38 [notice] 31#31: exiting
2026/01/25 21:08:38 [notice] 35#35: gracefully shutting down
2026/01/25 21:08:38 [notice] 34#34: exiting
2026/01/25 21:08:38 [notice] 33#33: exiting
2026/01/25 21:08:38 [notice] 30#30: exit
2026/01/25 21:08:38 [notice] 28#28: exit
2026/01/25 21:08:38 [notice] 35#35: exiting
2026/01/25 21:08:38 [notice] 29#29: exit
2026/01/25 21:08:38 [notice] 32#32: exiting
2026/01/25 21:08:38 [notice] 34#34: exit
2026/01/25 21:08:38 [notice] 33#33: exit
2026/01/25 21:08:38 [notice] 36#36: gracefully shutting down
2026/01/25 21:08:38 [notice] 35#35: exit
2026/01/25 21:08:38 [notice] 32#32: exit
2026/01/25 21:08:38 [notice] 36#36: exiting
2026/01/25 21:08:38 [notice] 36#36: exit
2026/01/25 21:08:38 [notice] 38#38: gracefully shutting down
2026/01/25 21:08:38 [notice] 38#38: exiting
2026/01/25 21:08:38 [notice] 38#38: exit
2026/01/25 21:08:38 [notice] 37#37: gracefully shutting down
2026/01/25 21:08:38 [notice] 37#37: exiting
2026/01/25 21:08:38 [notice] 37#37: exit
2026/01/25 21:08:38 [notice] 39#39: gracefully shutting down
2026/01/25 21:08:38 [notice] 31#31: exit
2026/01/25 21:08:38 [notice] 39#39: exiting
2026/01/25 21:08:38 [notice] 39#39: exit
2026/01/25 21:08:38 [notice] 1#1: signal 17 (SIGCHLD) received from 29
2026/01/25 21:08:38 [notice] 1#1: worker process 29 exited with code 0
2026/01/25 21:08:38 [notice] 1#1: worker process 33 exited with code 0
2026/01/25 21:08:38 [notice] 1#1: worker process 34 exited with code 0
2026/01/25 21:08:38 [notice] 1#1: worker process 35 exited with code 0
2026/01/25 21:08:38 [notice] 1#1: signal 29 (SIGIO) received
2026/01/25 21:08:38 [notice] 1#1: signal 17 (SIGCHLD) received from 34
2026/01/25 21:08:38 [notice] 1#1: signal 17 (SIGCHLD) received from 32
2026/01/25 21:08:38 [notice] 1#1: worker process 32 exited with code 0
2026/01/25 21:08:38 [notice] 1#1: signal 29 (SIGIO) received
2026/01/25 21:08:38 [notice] 1#1: signal 17 (SIGCHLD) received from 39
2026/01/25 21:08:38 [notice] 1#1: worker process 39 exited with code 0
2026/01/25 21:08:38 [notice] 1#1: worker process 38 exited with code 0
2026/01/25 21:08:38 [notice] 1#1: signal 29 (SIGIO) received
2026/01/25 21:08:38 [notice] 1#1: signal 17 (SIGCHLD) received from 38
2026/01/25 21:08:38 [notice] 1#1: signal 17 (SIGCHLD) received from 36
2026/01/25 21:08:38 [notice] 1#1: worker process 36 exited with code 0
2026/01/25 21:08:38 [notice] 1#1: worker process 28 exited with code 0
2026/01/25 21:08:38 [notice] 1#1: signal 29 (SIGIO) received
2026/01/25 21:08:38 [notice] 1#1: signal 17 (SIGCHLD) received from 28
2026/01/25 21:08:38 [notice] 1#1: signal 17 (SIGCHLD) received from 30
2026/01/25 21:08:38 [notice] 1#1: worker process 30 exited with code 0
2026/01/25 21:08:38 [notice] 1#1: signal 29 (SIGIO) received
2026/01/25 21:08:38 [notice] 1#1: signal 17 (SIGCHLD) received from 37
2026/01/25 21:08:38 [notice] 1#1: worker process 37 exited with code 0
2026/01/25 21:08:38 [notice] 1#1: signal 29 (SIGIO) received
2026/01/25 21:08:38 [notice] 1#1: signal 17 (SIGCHLD) received from 31
2026/01/25 21:08:38 [notice] 1#1: worker process 31 exited with code 0
2026/01/25 21:08:38 [notice] 1#1: exit
2026/01/25 21:08:38 [notice] 1#1: using the "epoll" event method
2026/01/25 21:08:38 [notice] 1#1: nginx/1.29.0
2026/01/25 21:08:38 [notice] 1#1: built by gcc 12.2.0 (Debian 12.2.0-14+deb12u1) 
2026/01/25 21:08:38 [notice] 1#1: OS: Linux 6.8.0-90-generic
2026/01/25 21:08:38 [notice] 1#1: getrlimit(RLIMIT_NOFILE): 1048576:1048576
2026/01/25 21:08:38 [notice] 1#1: start worker processes
2026/01/25 21:08:38 [notice] 1#1: start worker process 28
2026/01/25 21:08:38 [notice] 1#1: start worker process 29
2026/01/25 21:08:38 [notice] 1#1: start worker process 30
2026/01/25 21:08:38 [notice] 1#1: start worker process 31
2026/01/25 21:08:38 [notice] 1#1: start worker process 32
2026/01/25 21:08:38 [notice] 1#1: start worker process 33
2026/01/25 21:08:38 [notice] 1#1: start worker process 34
2026/01/25 21:08:38 [notice] 1#1: start worker process 35
2026/01/25 21:08:38 [notice] 1#1: start worker process 36
2026/01/25 21:08:38 [notice] 1#1: start worker process 37
2026/01/25 21:08:38 [notice] 1#1: start worker process 38
2026/01/25 21:08:38 [notice] 1#1: start worker process 39
2026/01/25 21:11:18 [notice] 1#1: signal 3 (SIGQUIT) received, shutting down
2026/01/25 21:11:18 [notice] 28#28: gracefully shutting down
2026/01/25 21:11:18 [notice] 29#29: gracefully shutting down
2026/01/25 21:11:18 [notice] 30#30: gracefully shutting down
2026/01/25 21:11:18 [notice] 28#28: exiting
2026/01/25 21:11:18 [notice] 31#31: gracefully shutting down
2026/01/25 21:11:18 [notice] 32#32: gracefully shutting down
2026/01/25 21:11:18 [notice] 29#29: exiting
2026/01/25 21:11:18 [notice] 31#31: exiting
2026/01/25 21:11:18 [notice] 37#37: gracefully shutting down
2026/01/25 21:11:18 [notice] 32#32: exiting
2026/01/25 21:11:18 [notice] 33#33: gracefully shutting down
2026/01/25 21:11:18 [notice] 39#39: gracefully shutting down
2026/01/25 21:11:18 [notice] 37#37: exiting
2026/01/25 21:11:18 [notice] 28#28: exit
2026/01/25 21:11:18 [notice] 29#29: exit
2026/01/25 21:11:18 [notice] 33#33: exiting
2026/01/25 21:11:18 [notice] 39#39: exiting
2026/01/25 21:11:18 [notice] 31#31: exit
2026/01/25 21:11:18 [notice] 30#30: exiting
2026/01/25 21:11:18 [notice] 38#38: gracefully shutting down
2026/01/25 21:11:18 [notice] 32#32: exit
2026/01/25 21:11:18 [notice] 37#37: exit
2026/01/25 21:11:18 [notice] 38#38: exiting
2026/01/25 21:11:18 [notice] 39#39: exit
2026/01/25 21:11:18 [notice] 33#33: exit
2026/01/25 21:11:18 [notice] 30#30: exit
2026/01/25 21:11:18 [notice] 38#38: exit
2026/01/25 21:11:18 [notice] 36#36: gracefully shutting down
2026/01/25 21:11:18 [notice] 36#36: exiting
2026/01/25 21:11:18 [notice] 36#36: exit
2026/01/25 21:11:18 [notice] 34#34: gracefully shutting down
2026/01/25 21:11:18 [notice] 34#34: exiting
2026/01/25 21:11:18 [notice] 35#35: gracefully shutting down
2026/01/25 21:11:18 [notice] 34#34: exit
2026/01/25 21:11:18 [notice] 35#35: exiting
2026/01/25 21:11:18 [notice] 35#35: exit
2026/01/25 21:11:18 [notice] 1#1: signal 17 (SIGCHLD) received from 38
2026/01/25 21:11:18 [notice] 1#1: worker process 33 exited with code 0
2026/01/25 21:11:18 [notice] 1#1: worker process 34 exited with code 0
2026/01/25 21:11:18 [notice] 1#1: worker process 37 exited with code 0
2026/01/25 21:11:18 [notice] 1#1: worker process 38 exited with code 0
2026/01/25 21:11:18 [notice] 1#1: signal 29 (SIGIO) received
2026/01/25 21:11:18 [notice] 1#1: signal 17 (SIGCHLD) received from 34
2026/01/25 21:11:18 [notice] 1#1: signal 17 (SIGCHLD) received from 32
2026/01/25 21:11:18 [notice] 1#1: worker process 32 exited with code 0
2026/01/25 21:11:18 [notice] 1#1: signal 29 (SIGIO) received
2026/01/25 21:11:19 [notice] 1#1: signal 17 (SIGCHLD) received from 36
2026/01/25 21:11:19 [notice] 1#1: worker process 28 exited with code 0
2026/01/25 21:11:19 [notice] 1#1: worker process 29 exited with code 0
2026/01/25 21:11:19 [notice] 1#1: worker process 36 exited with code 0
2026/01/25 21:11:19 [notice] 1#1: worker process 30 exited with code 0
2026/01/25 21:11:19 [notice] 1#1: signal 29 (SIGIO) received
2026/01/25 21:11:19 [notice] 1#1: signal 17 (SIGCHLD) received from 29
2026/01/25 21:11:19 [notice] 1#1: signal 17 (SIGCHLD) received from 31
2026/01/25 21:11:19 [notice] 1#1: worker process 31 exited with code 0
2026/01/25 21:11:19 [notice] 1#1: worker process 35 exited with code 0
2026/01/25 21:11:19 [notice] 1#1: worker process 39 exited with code 0
2026/01/25 21:11:19 [notice] 1#1: exit
2026/01/25 21:11:19 [notice] 1#1: using the "epoll" event method
2026/01/25 21:11:19 [notice] 1#1: nginx/1.29.0
2026/01/25 21:11:19 [notice] 1#1: built by gcc 12.2.0 (Debian 12.2.0-14+deb12u1) 
2026/01/25 21:11:19 [notice] 1#1: OS: Linux 6.8.0-90-generic
2026/01/25 21:11:19 [notice] 1#1: getrlimit(RLIMIT_NOFILE): 1048576:1048576
2026/01/25 21:11:19 [notice] 1#1: start worker processes
2026/01/25 21:11:19 [notice] 1#1: start worker process 28
2026/01/25 21:11:19 [notice] 1#1: start worker process 29
2026/01/25 21:11:19 [notice] 1#1: start worker process 30
2026/01/25 21:11:19 [notice] 1#1: start worker process 31
2026/01/25 21:11:19 [notice] 1#1: start worker process 32
2026/01/25 21:11:19 [notice] 1#1: start worker process 33
2026/01/25 21:11:19 [notice] 1#1: start worker process 34
2026/01/25 21:11:19 [notice] 1#1: start worker process 35
2026/01/25 21:11:19 [notice] 1#1: start worker process 36
2026/01/25 21:11:19 [notice] 1#1: start worker process 37
2026/01/25 21:11:19 [notice] 1#1: start worker process 38
2026/01/25 21:11:19 [notice] 1#1: start worker process 39
2026/01/25 21:14:05 [notice] 1#1: signal 3 (SIGQUIT) received, shutting down
2026/01/25 21:14:05 [notice] 28#28: gracefully shutting down
2026/01/25 21:14:05 [notice] 29#29: gracefully shutting down
2026/01/25 21:14:05 [notice] 30#30: gracefully shutting down
2026/01/25 21:14:05 [notice] 31#31: gracefully shutting down
2026/01/25 21:14:05 [notice] 28#28: exiting
2026/01/25 21:14:05 [notice] 32#32: gracefully shutting down
2026/01/25 21:14:05 [notice] 29#29: exiting
2026/01/25 21:14:05 [notice] 33#33: gracefully shutting down
2026/01/25 21:14:05 [notice] 30#30: exiting
2026/01/25 21:14:05 [notice] 31#31: exiting
2026/01/25 21:14:05 [notice] 32#32: exiting
2026/01/25 21:14:05 [notice] 34#34: gracefully shutting down
2026/01/25 21:14:05 [notice] 33#33: exiting
2026/01/25 21:14:05 [notice] 28#28: exit
2026/01/25 21:14:05 [notice] 34#34: exiting
2026/01/25 21:14:05 [notice] 29#29: exit
2026/01/25 21:14:05 [notice] 30#30: exit
2026/01/25 21:14:05 [notice] 31#31: exit
2026/01/25 21:14:05 [notice] 37#37: gracefully shutting down
2026/01/25 21:14:05 [notice] 32#32: exit
2026/01/25 21:14:05 [notice] 37#37: exiting
2026/01/25 21:14:05 [notice] 33#33: exit
2026/01/25 21:14:05 [notice] 34#34: exit
2026/01/25 21:14:05 [notice] 37#37: exit
2026/01/25 21:14:05 [notice] 36#36: gracefully shutting down
2026/01/25 21:14:05 [notice] 38#38: gracefully shutting down
2026/01/25 21:14:05 [notice] 39#39: gracefully shutting down
2026/01/25 21:14:05 [notice] 35#35: gracefully shutting down
2026/01/25 21:14:05 [notice] 36#36: exiting
2026/01/25 21:14:05 [notice] 38#38: exiting
2026/01/25 21:14:05 [notice] 39#39: exiting
2026/01/25 21:14:05 [notice] 35#35: exiting
2026/01/25 21:14:05 [notice] 36#36: exit
2026/01/25 21:14:05 [notice] 38#38: exit
2026/01/25 21:14:05 [notice] 39#39: exit
2026/01/25 21:14:05 [notice] 35#35: exit
2026/01/25 21:14:05 [notice] 1#1: signal 17 (SIGCHLD) received from 36
2026/01/25 21:14:05 [notice] 1#1: worker process 30 exited with code 0
2026/01/25 21:14:05 [notice] 1#1: worker process 31 exited with code 0
2026/01/25 21:14:05 [notice] 1#1: worker process 36 exited with code 0
2026/01/25 21:14:05 [notice] 1#1: signal 29 (SIGIO) received
2026/01/25 21:14:05 [notice] 1#1: signal 17 (SIGCHLD) received from 30
2026/01/25 21:14:05 [notice] 1#1: signal 17 (SIGCHLD) received from 35
2026/01/25 21:14:05 [notice] 1#1: worker process 35 exited with code 0
2026/01/25 21:14:05 [notice] 1#1: signal 29 (SIGIO) received
2026/01/25 21:14:05 [notice] 1#1: signal 17 (SIGCHLD) received from 39
2026/01/25 21:14:05 [notice] 1#1: worker process 39 exited with code 0
2026/01/25 21:14:05 [notice] 1#1: worker process 32 exited with code 0
2026/01/25 21:14:05 [notice] 1#1: worker process 34 exited with code 0
2026/01/25 21:14:05 [notice] 1#1: worker process 37 exited with code 0
2026/01/25 21:14:05 [notice] 1#1: worker process 38 exited with code 0
2026/01/25 21:14:05 [notice] 1#1: signal 29 (SIGIO) received
2026/01/25 21:14:05 [notice] 1#1: signal 17 (SIGCHLD) received from 32
2026/01/25 21:14:05 [notice] 1#1: worker process 28 exited with code 0
2026/01/25 21:14:05 [notice] 1#1: signal 29 (SIGIO) received
2026/01/25 21:14:05 [notice] 1#1: signal 17 (SIGCHLD) received from 33
2026/01/25 21:14:05 [notice] 1#1: worker process 33 exited with code 0
2026/01/25 21:14:05 [notice] 1#1: signal 29 (SIGIO) received
2026/01/25 21:14:05 [notice] 1#1: signal 17 (SIGCHLD) received from 29
2026/01/25 21:14:05 [notice] 1#1: worker process 29 exited with code 0
2026/01/25 21:14:05 [notice] 1#1: exit
2026/01/25 21:14:05 [notice] 1#1: using the "epoll" event method
2026/01/25 21:14:05 [notice] 1#1: nginx/1.29.0
2026/01/25 21:14:05 [notice] 1#1: built by gcc 12.2.0 (Debian 12.2.0-14+deb12u1) 
2026/01/25 21:14:05 [notice] 1#1: OS: Linux 6.8.0-90-generic
2026/01/25 21:14:05 [notice] 1#1: getrlimit(RLIMIT_NOFILE): 1048576:1048576
2026/01/25 21:14:05 [notice] 1#1: start worker processes
2026/01/25 21:14:05 [notice] 1#1: start worker process 28
2026/01/25 21:14:05 [notice] 1#1: start worker process 29
2026/01/25 21:14:05 [notice] 1#1: start worker process 30
2026/01/25 21:14:05 [notice] 1#1: start worker process 31
2026/01/25 21:14:05 [notice] 1#1: start worker process 32
2026/01/25 21:14:05 [notice] 1#1: start worker process 33
2026/01/25 21:14:05 [notice] 1#1: start worker process 34
2026/01/25 21:14:05 [notice] 1#1: start worker process 35
2026/01/25 21:14:05 [notice] 1#1: start worker process 36
2026/01/25 21:14:05 [notice] 1#1: start worker process 37
2026/01/25 21:14:05 [notice] 1#1: start worker process 38
2026/01/25 21:14:05 [notice] 1#1: start worker process 39
2026/01/25 21:15:07 [notice] 1#1: signal 3 (SIGQUIT) received, shutting down
2026/01/25 21:15:07 [notice] 28#28: gracefully shutting down
2026/01/25 21:15:07 [notice] 29#29: gracefully shutting down
2026/01/25 21:15:07 [notice] 30#30: gracefully shutting down
2026/01/25 21:15:07 [notice] 28#28: exiting
2026/01/25 21:15:07 [notice] 31#31: gracefully shutting down
2026/01/25 21:15:07 [notice] 30#30: exiting
2026/01/25 21:15:07 [notice] 34#34: gracefully shutting down
2026/01/25 21:15:07 [notice] 33#33: gracefully shutting down
2026/01/25 21:15:07 [notice] 31#31: exiting
2026/01/25 21:15:07 [notice] 36#36: gracefully shutting down
2026/01/25 21:15:07 [notice] 32#32: gracefully shutting down
2026/01/25 21:15:07 [notice] 34#34: exiting
2026/01/25 21:15:07 [notice] 33#33: exiting
2026/01/25 21:15:07 [notice] 35#35: gracefully shutting down
2026/01/25 21:15:07 [notice] 36#36: exiting
2026/01/25 21:15:07 [notice] 28#28: exit
2026/01/25 21:15:07 [notice] 37#37: gracefully shutting down
2026/01/25 21:15:07 [notice] 32#32: exiting
2026/01/25 21:15:07 [notice] 30#30: exit
2026/01/25 21:15:07 [notice] 29#29: exiting
2026/01/25 21:15:07 [notice] 35#35: exiting
2026/01/25 21:15:07 [notice] 31#31: exit
2026/01/25 21:15:07 [notice] 37#37: exiting
2026/01/25 21:15:07 [notice] 34#34: exit
2026/01/25 21:15:07 [notice] 36#36: exit
2026/01/25 21:15:07 [notice] 33#33: exit
2026/01/25 21:15:07 [notice] 29#29: exit
2026/01/25 21:15:07 [notice] 32#32: exit
2026/01/25 21:15:07 [notice] 35#35: exit
2026/01/25 21:15:07 [notice] 37#37: exit
2026/01/25 21:15:07 [notice] 38#38: gracefully shutting down
2026/01/25 21:15:07 [notice] 38#38: exiting
2026/01/25 21:15:07 [notice] 39#39: gracefully shutting down
2026/01/25 21:15:07 [notice] 38#38: exit
2026/01/25 21:15:07 [notice] 39#39: exiting
2026/01/25 21:15:07 [notice] 39#39: exit
2026/01/25 21:15:07 [notice] 1#1: signal 17 (SIGCHLD) received from 37
2026/01/25 21:15:07 [notice] 1#1: worker process 37 exited with code 0
2026/01/25 21:15:07 [notice] 1#1: worker process 31 exited with code 0
2026/01/25 21:15:07 [notice] 1#1: worker process 38 exited with code 0
2026/01/25 21:15:07 [notice] 1#1: signal 29 (SIGIO) received
2026/01/25 21:15:07 [notice] 1#1: signal 17 (SIGCHLD) received from 31
2026/01/25 21:15:07 [notice] 1#1: signal 17 (SIGCHLD) received from 28
2026/01/25 21:15:07 [notice] 1#1: worker process 28 exited with code 0
2026/01/25 21:15:07 [notice] 1#1: signal 29 (SIGIO) received
2026/01/25 21:15:07 [notice] 1#1: signal 17 (SIGCHLD) received from 30
2026/01/25 21:15:07 [notice] 1#1: worker process 30 exited with code 0
2026/01/25 21:15:07 [notice] 1#1: signal 29 (SIGIO) received
2026/01/25 21:15:07 [notice] 1#1: signal 17 (SIGCHLD) received from 29
2026/01/25 21:15:07 [notice] 1#1: worker process 29 exited with code 0
2026/01/25 21:15:07 [notice] 1#1: signal 29 (SIGIO) received
2026/01/25 21:15:07 [notice] 1#1: signal 17 (SIGCHLD) received from 34
2026/01/25 21:15:07 [notice] 1#1: worker process 32 exited with code 0
2026/01/25 21:15:07 [notice] 1#1: worker process 34 exited with code 0
2026/01/25 21:15:07 [notice] 1#1: signal 29 (SIGIO) received
2026/01/25 21:15:07 [notice] 1#1: signal 17 (SIGCHLD) received from 32
2026/01/25 21:15:07 [notice] 1#1: signal 17 (SIGCHLD) received from 33
2026/01/25 21:15:07 [notice] 1#1: worker process 33 exited with code 0
2026/01/25 21:15:07 [notice] 1#1: signal 29 (SIGIO) received
2026/01/25 21:15:07 [notice] 1#1: signal 17 (SIGCHLD) received from 35
2026/01/25 21:15:07 [notice] 1#1: worker process 35 exited with code 0
2026/01/25 21:15:07 [notice] 1#1: signal 29 (SIGIO) received
2026/01/25 21:15:07 [notice] 1#1: signal 17 (SIGCHLD) received from 36
2026/01/25 21:15:07 [notice] 1#1: worker process 36 exited with code 0
2026/01/25 21:15:07 [notice] 1#1: signal 17 (SIGCHLD) received from 39
2026/01/25 21:15:07 [notice] 1#1: worker process 39 exited with code 0
2026/01/25 21:15:07 [notice] 1#1: exit
2026/01/25 21:15:07 [notice] 1#1: using the "epoll" event method
2026/01/25 21:15:07 [notice] 1#1: nginx/1.29.0
2026/01/25 21:15:07 [notice] 1#1: built by gcc 12.2.0 (Debian 12.2.0-14+deb12u1) 
2026/01/25 21:15:07 [notice] 1#1: OS: Linux 6.8.0-90-generic
2026/01/25 21:15:07 [notice] 1#1: getrlimit(RLIMIT_NOFILE): 1048576:1048576
2026/01/25 21:15:07 [notice] 1#1: start worker processes
2026/01/25 21:15:07 [notice] 1#1: start worker process 28
2026/01/25 21:15:07 [notice] 1#1: start worker process 29
2026/01/25 21:15:07 [notice] 1#1: start worker process 30
2026/01/25 21:15:07 [notice] 1#1: start worker process 31
2026/01/25 21:15:07 [notice] 1#1: start worker process 32
2026/01/25 21:15:07 [notice] 1#1: start worker process 33
2026/01/25 21:15:07 [notice] 1#1: start worker process 34
2026/01/25 21:15:07 [notice] 1#1: start worker process 35
2026/01/25 21:15:07 [notice] 1#1: start worker process 36
2026/01/25 21:15:07 [notice] 1#1: start worker process 37
2026/01/25 21:15:07 [notice] 1#1: start worker process 38
2026/01/25 21:15:07 [notice] 1#1: start worker process 39
2026/01/25 21:21:28 [notice] 1#1: signal 3 (SIGQUIT) received, shutting down
2026/01/25 21:21:28 [notice] 28#28: gracefully shutting down
2026/01/25 21:21:28 [notice] 29#29: gracefully shutting down
2026/01/25 21:21:28 [notice] 30#30: gracefully shutting down
2026/01/25 21:21:28 [notice] 31#31: gracefully shutting down
2026/01/25 21:21:28 [notice] 32#32: gracefully shutting down
2026/01/25 21:21:28 [notice] 28#28: exiting
2026/01/25 21:21:28 [notice] 33#33: gracefully shutting down
2026/01/25 21:21:28 [notice] 29#29: exiting
2026/01/25 21:21:28 [notice] 35#35: gracefully shutting down
2026/01/25 21:21:28 [notice] 30#30: exiting
2026/01/25 21:21:28 [notice] 31#31: exiting
2026/01/25 21:21:28 [notice] 34#34: gracefully shutting down
2026/01/25 21:21:28 [notice] 32#32: exiting
2026/01/25 21:21:28 [notice] 33#33: exiting
2026/01/25 21:21:28 [notice] 35#35: exiting
2026/01/25 21:21:28 [notice] 34#34: exiting
2026/01/25 21:21:28 [notice] 39#39: gracefully shutting down
2026/01/25 21:21:28 [notice] 37#37: gracefully shutting down
2026/01/25 21:21:28 [notice] 37#37: exiting
2026/01/25 21:21:28 [notice] 39#39: exiting
2026/01/25 21:21:28 [notice] 36#36: gracefully shutting down
2026/01/25 21:21:28 [notice] 38#38: gracefully shutting down
2026/01/25 21:21:28 [notice] 36#36: exiting
2026/01/25 21:21:28 [notice] 38#38: exiting
2026/01/25 21:21:28 [notice] 29#29: exit
2026/01/25 21:21:28 [notice] 30#30: exit
2026/01/25 21:21:28 [notice] 28#28: exit
2026/01/25 21:21:28 [notice] 31#31: exit
2026/01/25 21:21:28 [notice] 32#32: exit
2026/01/25 21:21:28 [notice] 35#35: exit
2026/01/25 21:21:28 [notice] 34#34: exit
2026/01/25 21:21:28 [notice] 33#33: exit
2026/01/25 21:21:28 [notice] 38#38: exit
2026/01/25 21:21:28 [notice] 37#37: exit
2026/01/25 21:21:28 [notice] 36#36: exit
2026/01/25 21:21:28 [notice] 39#39: exit
2026/01/25 21:21:28 [notice] 1#1: signal 17 (SIGCHLD) received from 37
2026/01/25 21:21:28 [notice] 1#1: worker process 29 exited with code 0
2026/01/25 21:21:28 [notice] 1#1: worker process 36 exited with code 0
2026/01/25 21:21:28 [notice] 1#1: worker process 37 exited with code 0
2026/01/25 21:21:28 [notice] 1#1: worker process 38 exited with code 0
2026/01/25 21:21:28 [notice] 1#1: worker process 39 exited with code 0
2026/01/25 21:21:28 [notice] 1#1: signal 29 (SIGIO) received
2026/01/25 21:21:28 [notice] 1#1: signal 17 (SIGCHLD) received from 36
2026/01/25 21:21:28 [notice] 1#1: signal 17 (SIGCHLD) received from 35
2026/01/25 21:21:28 [notice] 1#1: worker process 35 exited with code 0
2026/01/25 21:21:28 [notice] 1#1: signal 29 (SIGIO) received
2026/01/25 21:21:28 [notice] 1#1: signal 17 (SIGCHLD) received from 28
2026/01/25 21:21:28 [notice] 1#1: worker process 28 exited with code 0
2026/01/25 21:21:28 [notice] 1#1: worker process 32 exited with code 0
2026/01/25 21:21:28 [notice] 1#1: worker process 33 exited with code 0
2026/01/25 21:21:28 [notice] 1#1: worker process 34 exited with code 0
2026/01/25 21:21:28 [notice] 1#1: signal 29 (SIGIO) received
2026/01/25 21:21:28 [notice] 1#1: signal 17 (SIGCHLD) received from 32
2026/01/25 21:21:28 [notice] 1#1: signal 17 (SIGCHLD) received from 31
2026/01/25 21:21:28 [notice] 1#1: worker process 31 exited with code 0
2026/01/25 21:21:28 [notice] 1#1: signal 29 (SIGIO) received
2026/01/25 21:21:28 [notice] 1#1: signal 17 (SIGCHLD) received from 30
2026/01/25 21:21:28 [notice] 1#1: worker process 30 exited with code 0
2026/01/25 21:21:28 [notice] 1#1: exit
2026/01/25 21:21:28 [notice] 1#1: using the "epoll" event method
2026/01/25 21:21:28 [notice] 1#1: nginx/1.29.0
2026/01/25 21:21:28 [notice] 1#1: built by gcc 12.2.0 (Debian 12.2.0-14+deb12u1) 
2026/01/25 21:21:28 [notice] 1#1: OS: Linux 6.8.0-90-generic
2026/01/25 21:21:28 [notice] 1#1: getrlimit(RLIMIT_NOFILE): 1048576:1048576
2026/01/25 21:21:28 [notice] 1#1: start worker processes
2026/01/25 21:21:28 [notice] 1#1: start worker process 28
2026/01/25 21:21:28 [notice] 1#1: start worker process 29
2026/01/25 21:21:28 [notice] 1#1: start worker process 30
2026/01/25 21:21:28 [notice] 1#1: start worker process 31
2026/01/25 21:21:28 [notice] 1#1: start worker process 32
2026/01/25 21:21:28 [notice] 1#1: start worker process 33
2026/01/25 21:21:28 [notice] 1#1: start worker process 34
2026/01/25 21:21:28 [notice] 1#1: start worker process 35
2026/01/25 21:21:28 [notice] 1#1: start worker process 36
2026/01/25 21:21:28 [notice] 1#1: start worker process 37
2026/01/25 21:21:28 [notice] 1#1: start worker process 38
2026/01/25 21:21:28 [notice] 1#1: start worker process 39
2026/01/25 21:28:58 [notice] 1#1: signal 3 (SIGQUIT) received, shutting down
2026/01/25 21:28:58 [notice] 28#28: gracefully shutting down
2026/01/25 21:28:58 [notice] 29#29: gracefully shutting down
2026/01/25 21:28:58 [notice] 30#30: gracefully shutting down
2026/01/25 21:28:58 [notice] 31#31: gracefully shutting down
2026/01/25 21:28:58 [notice] 33#33: gracefully shutting down
2026/01/25 21:28:58 [notice] 32#32: gracefully shutting down
2026/01/25 21:28:58 [notice] 33#33: exiting
2026/01/25 21:28:58 [notice] 28#28: exiting
2026/01/25 21:28:58 [notice] 34#34: gracefully shutting down
2026/01/25 21:28:58 [notice] 29#29: exiting
2026/01/25 21:28:58 [notice] 30#30: exiting
2026/01/25 21:28:58 [notice] 31#31: exiting
2026/01/25 21:28:58 [notice] 35#35: gracefully shutting down
2026/01/25 21:28:58 [notice] 39#39: gracefully shutting down
2026/01/25 21:28:58 [notice] 32#32: exiting
2026/01/25 21:28:58 [notice] 34#34: exiting
2026/01/25 21:28:58 [notice] 35#35: exiting
2026/01/25 21:28:58 [notice] 33#33: exit
2026/01/25 21:28:58 [notice] 39#39: exiting
2026/01/25 21:28:58 [notice] 29#29: exit
2026/01/25 21:28:58 [notice] 28#28: exit
2026/01/25 21:28:58 [notice] 31#31: exit
2026/01/25 21:28:58 [notice] 30#30: exit
2026/01/25 21:28:58 [notice] 35#35: exit
2026/01/25 21:28:58 [notice] 34#34: exit
2026/01/25 21:28:58 [notice] 39#39: exit
2026/01/25 21:28:58 [notice] 32#32: exit
2026/01/25 21:28:58 [notice] 37#37: gracefully shutting down
2026/01/25 21:28:58 [notice] 38#38: gracefully shutting down
2026/01/25 21:28:58 [notice] 38#38: exiting
2026/01/25 21:28:58 [notice] 38#38: exit
2026/01/25 21:28:58 [notice] 36#36: gracefully shutting down
2026/01/25 21:28:58 [notice] 36#36: exiting
2026/01/25 21:28:58 [notice] 36#36: exit
2026/01/25 21:28:58 [notice] 37#37: exiting
2026/01/25 21:28:58 [notice] 37#37: exit
2026/01/25 21:28:58 [notice] 1#1: signal 17 (SIGCHLD) received from 37
2026/01/25 21:28:58 [notice] 1#1: worker process 28 exited with code 0
2026/01/25 21:28:58 [notice] 1#1: worker process 30 exited with code 0
2026/01/25 21:28:58 [notice] 1#1: worker process 34 exited with code 0
2026/01/25 21:28:58 [notice] 1#1: worker process 36 exited with code 0
2026/01/25 21:28:58 [notice] 1#1: worker process 37 exited with code 0
2026/01/25 21:28:58 [notice] 1#1: worker process 39 exited with code 0
2026/01/25 21:28:58 [notice] 1#1: signal 29 (SIGIO) received
2026/01/25 21:28:58 [notice] 1#1: signal 17 (SIGCHLD) received from 39
2026/01/25 21:28:58 [notice] 1#1: signal 17 (SIGCHLD) received from 29
2026/01/25 21:28:58 [notice] 1#1: worker process 29 exited with code 0
2026/01/25 21:28:58 [notice] 1#1: signal 29 (SIGIO) received
2026/01/25 21:28:58 [notice] 1#1: signal 17 (SIGCHLD) received from 33
2026/01/25 21:28:58 [notice] 1#1: worker process 33 exited with code 0
2026/01/25 21:28:58 [notice] 1#1: signal 29 (SIGIO) received
2026/01/25 21:28:58 [notice] 1#1: signal 17 (SIGCHLD) received from 38
2026/01/25 21:28:58 [notice] 1#1: worker process 38 exited with code 0
2026/01/25 21:28:58 [notice] 1#1: worker process 31 exited with code 0
2026/01/25 21:28:58 [notice] 1#1: signal 29 (SIGIO) received
2026/01/25 21:28:58 [notice] 1#1: signal 17 (SIGCHLD) received from 31
2026/01/25 21:28:58 [notice] 1#1: signal 17 (SIGCHLD) received from 32
2026/01/25 21:28:58 [notice] 1#1: worker process 32 exited with code 0
2026/01/25 21:28:58 [notice] 1#1: signal 29 (SIGIO) received
2026/01/25 21:28:58 [notice] 1#1: signal 17 (SIGCHLD) received from 35
2026/01/25 21:28:58 [notice] 1#1: worker process 35 exited with code 0
2026/01/25 21:28:58 [notice] 1#1: exit
2026/01/25 21:28:58 [notice] 1#1: using the "epoll" event method
2026/01/25 21:28:58 [notice] 1#1: nginx/1.29.0
2026/01/25 21:28:58 [notice] 1#1: built by gcc 12.2.0 (Debian 12.2.0-14+deb12u1) 
2026/01/25 21:28:58 [notice] 1#1: OS: Linux 6.8.0-90-generic
2026/01/25 21:28:58 [notice] 1#1: getrlimit(RLIMIT_NOFILE): 1048576:1048576
2026/01/25 21:28:58 [notice] 1#1: start worker processes
2026/01/25 21:28:58 [notice] 1#1: start worker process 28
2026/01/25 21:28:58 [notice] 1#1: start worker process 29
2026/01/25 21:28:58 [notice] 1#1: start worker process 30
2026/01/25 21:28:58 [notice] 1#1: start worker process 31
2026/01/25 21:28:58 [notice] 1#1: start worker process 32
2026/01/25 21:28:58 [notice] 1#1: start worker process 33
2026/01/25 21:28:58 [notice] 1#1: start worker process 34
2026/01/25 21:28:58 [notice] 1#1: start worker process 35
2026/01/25 21:28:58 [notice] 1#1: start worker process 36
2026/01/25 21:28:58 [notice] 1#1: start worker process 37
2026/01/25 21:28:58 [notice] 1#1: start worker process 38
2026/01/25 21:28:58 [notice] 1#1: start worker process 39
2026/01/25 21:30:40 [notice] 1#1: signal 3 (SIGQUIT) received, shutting down
2026/01/25 21:30:40 [notice] 28#28: gracefully shutting down
2026/01/25 21:30:40 [notice] 29#29: gracefully shutting down
2026/01/25 21:30:40 [notice] 30#30: gracefully shutting down
2026/01/25 21:30:40 [notice] 28#28: exiting
2026/01/25 21:30:40 [notice] 31#31: gracefully shutting down
2026/01/25 21:30:40 [notice] 32#32: gracefully shutting down
2026/01/25 21:30:40 [notice] 29#29: exiting
2026/01/25 21:30:40 [notice] 34#34: gracefully shutting down
2026/01/25 21:30:40 [notice] 33#33: gracefully shutting down
2026/01/25 21:30:40 [notice] 30#30: exiting
2026/01/25 21:30:40 [notice] 31#31: exiting
2026/01/25 21:30:40 [notice] 32#32: exiting
2026/01/25 21:30:40 [notice] 35#35: gracefully shutting down
2026/01/25 21:30:40 [notice] 39#39: gracefully shutting down
2026/01/25 21:30:40 [notice] 34#34: exiting
2026/01/25 21:30:40 [notice] 33#33: exiting
2026/01/25 21:30:40 [notice] 28#28: exit
2026/01/25 21:30:40 [notice] 35#35: exiting
2026/01/25 21:30:40 [notice] 39#39: exiting
2026/01/25 21:30:40 [notice] 30#30: exit
2026/01/25 21:30:40 [notice] 31#31: exit
2026/01/25 21:30:40 [notice] 32#32: exit
2026/01/25 21:30:40 [notice] 29#29: exit
2026/01/25 21:30:40 [notice] 34#34: exit
2026/01/25 21:30:40 [notice] 35#35: exit
2026/01/25 21:30:40 [notice] 33#33: exit
2026/01/25 21:30:40 [notice] 39#39: exit
2026/01/25 21:30:40 [notice] 36#36: gracefully shutting down
2026/01/25 21:30:40 [notice] 36#36: exiting
2026/01/25 21:30:40 [notice] 36#36: exit
2026/01/25 21:30:40 [notice] 37#37: gracefully shutting down
2026/01/25 21:30:40 [notice] 37#37: exiting
2026/01/25 21:30:40 [notice] 37#37: exit
2026/01/25 21:30:40 [notice] 38#38: gracefully shutting down
2026/01/25 21:30:40 [notice] 38#38: exiting
2026/01/25 21:30:40 [notice] 38#38: exit
2026/01/25 21:30:40 [notice] 1#1: signal 17 (SIGCHLD) received from 28
2026/01/25 21:30:40 [notice] 1#1: worker process 28 exited with code 0
2026/01/25 21:30:40 [notice] 1#1: worker process 31 exited with code 0
2026/01/25 21:30:40 [notice] 1#1: signal 29 (SIGIO) received
2026/01/25 21:30:40 [notice] 1#1: signal 17 (SIGCHLD) received from 31
2026/01/25 21:30:40 [notice] 1#1: signal 17 (SIGCHLD) received from 32
2026/01/25 21:30:40 [notice] 1#1: worker process 32 exited with code 0
2026/01/25 21:30:40 [notice] 1#1: signal 29 (SIGIO) received
2026/01/25 21:30:40 [notice] 1#1: signal 17 (SIGCHLD) received from 34
2026/01/25 21:30:40 [notice] 1#1: worker process 34 exited with code 0
2026/01/25 21:30:40 [notice] 1#1: worker process 37 exited with code 0
2026/01/25 21:30:40 [notice] 1#1: signal 29 (SIGIO) received
2026/01/25 21:30:40 [notice] 1#1: signal 17 (SIGCHLD) received from 37
2026/01/25 21:30:40 [notice] 1#1: worker process 33 exited with code 0
2026/01/25 21:30:40 [notice] 1#1: worker process 36 exited with code 0
2026/01/25 21:30:40 [notice] 1#1: signal 29 (SIGIO) received
2026/01/25 21:30:40 [notice] 1#1: signal 17 (SIGCHLD) received from 36
2026/01/25 21:30:40 [notice] 1#1: signal 17 (SIGCHLD) received from 39
2026/01/25 21:30:40 [notice] 1#1: worker process 39 exited with code 0
2026/01/25 21:30:40 [notice] 1#1: signal 29 (SIGIO) received
2026/01/25 21:30:40 [notice] 1#1: signal 17 (SIGCHLD) received from 29
2026/01/25 21:30:40 [notice] 1#1: worker process 29 exited with code 0
2026/01/25 21:30:40 [notice] 1#1: signal 29 (SIGIO) received
2026/01/25 21:30:40 [notice] 1#1: signal 17 (SIGCHLD) received from 35
2026/01/25 21:30:40 [notice] 1#1: worker process 35 exited with code 0
2026/01/25 21:30:40 [notice] 1#1: signal 29 (SIGIO) received
2026/01/25 21:30:40 [notice] 1#1: signal 17 (SIGCHLD) received from 30
2026/01/25 21:30:40 [notice] 1#1: worker process 30 exited with code 0
2026/01/25 21:30:40 [notice] 1#1: signal 29 (SIGIO) received
2026/01/25 21:30:40 [notice] 1#1: signal 17 (SIGCHLD) received from 38
2026/01/25 21:30:40 [notice] 1#1: worker process 38 exited with code 0
2026/01/25 21:30:40 [notice] 1#1: exit
2026/01/25 21:30:41 [notice] 1#1: using the "epoll" event method
2026/01/25 21:30:41 [notice] 1#1: nginx/1.29.0
2026/01/25 21:30:41 [notice] 1#1: built by gcc 12.2.0 (Debian 12.2.0-14+deb12u1) 
2026/01/25 21:30:41 [notice] 1#1: OS: Linux 6.8.0-90-generic
2026/01/25 21:30:41 [notice] 1#1: getrlimit(RLIMIT_NOFILE): 1048576:1048576
2026/01/25 21:30:41 [notice] 1#1: start worker processes
2026/01/25 21:30:41 [notice] 1#1: start worker process 28
2026/01/25 21:30:41 [notice] 1#1: start worker process 29
2026/01/25 21:30:41 [notice] 1#1: start worker process 30
2026/01/25 21:30:41 [notice] 1#1: start worker process 31
2026/01/25 21:30:41 [notice] 1#1: start worker process 32
2026/01/25 21:30:41 [notice] 1#1: start worker process 33
2026/01/25 21:30:41 [notice] 1#1: start worker process 34
2026/01/25 21:30:41 [notice] 1#1: start worker process 35
2026/01/25 21:30:41 [notice] 1#1: start worker process 36
2026/01/25 21:30:41 [notice] 1#1: start worker process 37
2026/01/25 21:30:41 [notice] 1#1: start worker process 38
2026/01/25 21:30:41 [notice] 1#1: start worker process 39
2026/01/25 21:37:56 [notice] 1#1: signal 3 (SIGQUIT) received, shutting down
2026/01/25 21:37:56 [notice] 28#28: gracefully shutting down
2026/01/25 21:37:56 [notice] 29#29: gracefully shutting down
2026/01/25 21:37:56 [notice] 30#30: gracefully shutting down
2026/01/25 21:37:56 [notice] 31#31: gracefully shutting down
2026/01/25 21:37:56 [notice] 28#28: exiting
2026/01/25 21:37:56 [notice] 30#30: exiting
2026/01/25 21:37:56 [notice] 32#32: gracefully shutting down
2026/01/25 21:37:56 [notice] 33#33: gracefully shutting down
2026/01/25 21:37:56 [notice] 29#29: exiting
2026/01/25 21:37:56 [notice] 35#35: gracefully shutting down
2026/01/25 21:37:56 [notice] 31#31: exiting
2026/01/25 21:37:56 [notice] 35#35: exiting
2026/01/25 21:37:56 [notice] 34#34: gracefully shutting down
2026/01/25 21:37:56 [notice] 32#32: exiting
2026/01/25 21:37:56 [notice] 33#33: exiting
2026/01/25 21:37:56 [notice] 30#30: exit
2026/01/25 21:37:56 [notice] 28#28: exit
2026/01/25 21:37:56 [notice] 29#29: exit
2026/01/25 21:37:56 [notice] 34#34: exiting
2026/01/25 21:37:56 [notice] 31#31: exit
2026/01/25 21:37:56 [notice] 35#35: exit
2026/01/25 21:37:56 [notice] 32#32: exit
2026/01/25 21:37:56 [notice] 33#33: exit
2026/01/25 21:37:56 [notice] 34#34: exit
2026/01/25 21:37:56 [notice] 39#39: gracefully shutting down
2026/01/25 21:37:56 [notice] 39#39: exiting
2026/01/25 21:37:56 [notice] 39#39: exit
2026/01/25 21:37:56 [notice] 36#36: gracefully shutting down
2026/01/25 21:37:56 [notice] 37#37: gracefully shutting down
2026/01/25 21:37:56 [notice] 38#38: gracefully shutting down
2026/01/25 21:37:56 [notice] 36#36: exiting
2026/01/25 21:37:56 [notice] 37#37: exiting
2026/01/25 21:37:56 [notice] 38#38: exiting
2026/01/25 21:37:56 [notice] 36#36: exit
2026/01/25 21:37:56 [notice] 37#37: exit
2026/01/25 21:37:56 [notice] 38#38: exit
2026/01/25 21:37:56 [notice] 1#1: signal 17 (SIGCHLD) received from 29
2026/01/25 21:37:56 [notice] 1#1: worker process 29 exited with code 0
2026/01/25 21:37:56 [notice] 1#1: signal 29 (SIGIO) received
2026/01/25 21:37:56 [notice] 1#1: signal 17 (SIGCHLD) received from 36
2026/01/25 21:37:56 [notice] 1#1: worker process 36 exited with code 0
2026/01/25 21:37:56 [notice] 1#1: worker process 37 exited with code 0
2026/01/25 21:37:56 [notice] 1#1: signal 29 (SIGIO) received
2026/01/25 21:37:56 [notice] 1#1: signal 17 (SIGCHLD) received from 37
2026/01/25 21:37:56 [notice] 1#1: worker process 32 exited with code 0
2026/01/25 21:37:56 [notice] 1#1: worker process 34 exited with code 0
2026/01/25 21:37:56 [notice] 1#1: signal 29 (SIGIO) received
2026/01/25 21:37:56 [notice] 1#1: signal 17 (SIGCHLD) received from 31
2026/01/25 21:37:56 [notice] 1#1: worker process 31 exited with code 0
2026/01/25 21:37:56 [notice] 1#1: signal 29 (SIGIO) received
2026/01/25 21:37:56 [notice] 1#1: signal 17 (SIGCHLD) received from 35
2026/01/25 21:37:56 [notice] 1#1: worker process 35 exited with code 0
2026/01/25 21:37:56 [notice] 1#1: signal 29 (SIGIO) received
2026/01/25 21:37:56 [notice] 1#1: signal 17 (SIGCHLD) received from 33
2026/01/25 21:37:56 [notice] 1#1: worker process 30 exited with code 0
2026/01/25 21:37:56 [notice] 1#1: worker process 33 exited with code 0
2026/01/25 21:37:56 [notice] 1#1: worker process 39 exited with code 0
2026/01/25 21:37:56 [notice] 1#1: signal 29 (SIGIO) received
2026/01/25 21:37:56 [notice] 1#1: signal 17 (SIGCHLD) received from 30
2026/01/25 21:37:56 [notice] 1#1: signal 17 (SIGCHLD) received from 38
2026/01/25 21:37:56 [notice] 1#1: worker process 38 exited with code 0
2026/01/25 21:37:56 [notice] 1#1: signal 29 (SIGIO) received
2026/01/25 21:37:56 [notice] 1#1: signal 17 (SIGCHLD) received from 28
2026/01/25 21:37:56 [notice] 1#1: worker process 28 exited with code 0
2026/01/25 21:37:56 [notice] 1#1: exit
2026/01/25 21:37:56 [notice] 1#1: using the "epoll" event method
2026/01/25 21:37:56 [notice] 1#1: nginx/1.29.0
2026/01/25 21:37:56 [notice] 1#1: built by gcc 12.2.0 (Debian 12.2.0-14+deb12u1) 
2026/01/25 21:37:56 [notice] 1#1: OS: Linux 6.8.0-90-generic
2026/01/25 21:37:56 [notice] 1#1: getrlimit(RLIMIT_NOFILE): 1048576:1048576
2026/01/25 21:37:56 [notice] 1#1: start worker processes
2026/01/25 21:37:56 [notice] 1#1: start worker process 28
2026/01/25 21:37:56 [notice] 1#1: start worker process 29
2026/01/25 21:37:56 [notice] 1#1: start worker process 30
2026/01/25 21:37:56 [notice] 1#1: start worker process 31
2026/01/25 21:37:56 [notice] 1#1: start worker process 32
2026/01/25 21:37:56 [notice] 1#1: start worker process 33
2026/01/25 21:37:56 [notice] 1#1: start worker process 34
2026/01/25 21:37:56 [notice] 1#1: start worker process 35
2026/01/25 21:37:56 [notice] 1#1: start worker process 36
2026/01/25 21:37:56 [notice] 1#1: start worker process 37
2026/01/25 21:37:56 [notice] 1#1: start worker process 38
2026/01/25 21:37:56 [notice] 1#1: start worker process 39
2026/01/25 21:40:06 [notice] 1#1: signal 3 (SIGQUIT) received, shutting down
2026/01/25 21:40:06 [notice] 28#28: gracefully shutting down
2026/01/25 21:40:06 [notice] 29#29: gracefully shutting down
2026/01/25 21:40:06 [notice] 30#30: gracefully shutting down
2026/01/25 21:40:06 [notice] 31#31: gracefully shutting down
2026/01/25 21:40:06 [notice] 28#28: exiting
2026/01/25 21:40:06 [notice] 34#34: gracefully shutting down
2026/01/25 21:40:06 [notice] 29#29: exiting
2026/01/25 21:40:06 [notice] 32#32: gracefully shutting down
2026/01/25 21:40:06 [notice] 33#33: gracefully shutting down
2026/01/25 21:40:06 [notice] 30#30: exiting
2026/01/25 21:40:06 [notice] 36#36: gracefully shutting down
2026/01/25 21:40:06 [notice] 31#31: exiting
2026/01/25 21:40:06 [notice] 34#34: exiting
2026/01/25 21:40:06 [notice] 32#32: exiting
2026/01/25 21:40:06 [notice] 33#33: exiting
2026/01/25 21:40:06 [notice] 29#29: exit
2026/01/25 21:40:06 [notice] 28#28: exit
2026/01/25 21:40:06 [notice] 36#36: exiting
2026/01/25 21:40:06 [notice] 30#30: exit
2026/01/25 21:40:06 [notice] 34#34: exit
2026/01/25 21:40:06 [notice] 31#31: exit
2026/01/25 21:40:06 [notice] 33#33: exit
2026/01/25 21:40:06 [notice] 32#32: exit
2026/01/25 21:40:06 [notice] 36#36: exit
2026/01/25 21:40:06 [notice] 35#35: gracefully shutting down
2026/01/25 21:40:06 [notice] 35#35: exiting
2026/01/25 21:40:06 [notice] 37#37: gracefully shutting down
2026/01/25 21:40:06 [notice] 35#35: exit
2026/01/25 21:40:06 [notice] 37#37: exiting
2026/01/25 21:40:06 [notice] 37#37: exit
2026/01/25 21:40:06 [notice] 38#38: gracefully shutting down
2026/01/25 21:40:06 [notice] 38#38: exiting
2026/01/25 21:40:06 [notice] 38#38: exit
2026/01/25 21:40:06 [notice] 39#39: gracefully shutting down
2026/01/25 21:40:06 [notice] 39#39: exiting
2026/01/25 21:40:06 [notice] 39#39: exit
2026/01/25 21:40:06 [notice] 1#1: signal 17 (SIGCHLD) received from 31
2026/01/25 21:40:06 [notice] 1#1: worker process 31 exited with code 0
2026/01/25 21:40:06 [notice] 1#1: signal 29 (SIGIO) received
2026/01/25 21:40:06 [notice] 1#1: signal 17 (SIGCHLD) received from 28
2026/01/25 21:40:06 [notice] 1#1: worker process 28 exited with code 0
2026/01/25 21:40:06 [notice] 1#1: worker process 34 exited with code 0
2026/01/25 21:40:06 [notice] 1#1: worker process 39 exited with code 0
2026/01/25 21:40:06 [notice] 1#1: signal 29 (SIGIO) received
2026/01/25 21:40:06 [notice] 1#1: signal 17 (SIGCHLD) received from 39
2026/01/25 21:40:06 [notice] 1#1: worker process 29 exited with code 0
2026/01/25 21:40:06 [notice] 1#1: worker process 35 exited with code 0
2026/01/25 21:40:06 [notice] 1#1: worker process 36 exited with code 0
2026/01/25 21:40:06 [notice] 1#1: signal 29 (SIGIO) received
2026/01/25 21:40:06 [notice] 1#1: signal 17 (SIGCHLD) received from 37
2026/01/25 21:40:06 [notice] 1#1: worker process 37 exited with code 0
2026/01/25 21:40:06 [notice] 1#1: signal 29 (SIGIO) received
2026/01/25 21:40:06 [notice] 1#1: signal 17 (SIGCHLD) received from 32
2026/01/25 21:40:06 [notice] 1#1: worker process 32 exited with code 0
2026/01/25 21:40:06 [notice] 1#1: signal 29 (SIGIO) received
2026/01/25 21:40:06 [notice] 1#1: signal 17 (SIGCHLD) received from 33
2026/01/25 21:40:06 [notice] 1#1: worker process 33 exited with code 0
2026/01/25 21:40:06 [notice] 1#1: signal 29 (SIGIO) received
2026/01/25 21:40:06 [notice] 1#1: signal 17 (SIGCHLD) received from 30
2026/01/25 21:40:06 [notice] 1#1: worker process 30 exited with code 0
2026/01/25 21:40:06 [notice] 1#1: signal 29 (SIGIO) received
2026/01/25 21:40:06 [notice] 1#1: signal 17 (SIGCHLD) received from 38
2026/01/25 21:40:06 [notice] 1#1: worker process 38 exited with code 0
2026/01/25 21:40:06 [notice] 1#1: exit
2026/01/25 21:40:07 [notice] 1#1: using the "epoll" event method
2026/01/25 21:40:07 [notice] 1#1: nginx/1.29.0
2026/01/25 21:40:07 [notice] 1#1: built by gcc 12.2.0 (Debian 12.2.0-14+deb12u1) 
2026/01/25 21:40:07 [notice] 1#1: OS: Linux 6.8.0-90-generic
2026/01/25 21:40:07 [notice] 1#1: getrlimit(RLIMIT_NOFILE): 1048576:1048576
2026/01/25 21:40:07 [notice] 1#1: start worker processes
2026/01/25 21:40:07 [notice] 1#1: start worker process 28
2026/01/25 21:40:07 [notice] 1#1: start worker process 29
2026/01/25 21:40:07 [notice] 1#1: start worker process 30
2026/01/25 21:40:07 [notice] 1#1: start worker process 31
2026/01/25 21:40:07 [notice] 1#1: start worker process 32
2026/01/25 21:40:07 [notice] 1#1: start worker process 33
2026/01/25 21:40:07 [notice] 1#1: start worker process 34
2026/01/25 21:40:07 [notice] 1#1: start worker process 35
2026/01/25 21:40:07 [notice] 1#1: start worker process 36
2026/01/25 21:40:07 [notice] 1#1: start worker process 37
2026/01/25 21:40:07 [notice] 1#1: start worker process 38
2026/01/25 21:40:07 [notice] 1#1: start worker process 39
2026/01/25 21:42:07 [notice] 1#1: signal 3 (SIGQUIT) received, shutting down
2026/01/25 21:42:07 [notice] 28#28: gracefully shutting down
2026/01/25 21:42:07 [notice] 29#29: gracefully shutting down
2026/01/25 21:42:07 [notice] 28#28: exiting
2026/01/25 21:42:07 [notice] 30#30: gracefully shutting down
2026/01/25 21:42:07 [notice] 32#32: gracefully shutting down
2026/01/25 21:42:07 [notice] 33#33: gracefully shutting down
2026/01/25 21:42:07 [notice] 31#31: gracefully shutting down
2026/01/25 21:42:07 [notice] 29#29: exiting
2026/01/25 21:42:07 [notice] 34#34: gracefully shutting down
2026/01/25 21:42:07 [notice] 30#30: exiting
2026/01/25 21:42:07 [notice] 32#32: exiting
2026/01/25 21:42:07 [notice] 33#33: exiting
2026/01/25 21:42:07 [notice] 35#35: gracefully shutting down
2026/01/25 21:42:07 [notice] 31#31: exiting
2026/01/25 21:42:07 [notice] 34#34: exiting
2026/01/25 21:42:07 [notice] 35#35: exiting
2026/01/25 21:42:07 [notice] 28#28: exit
2026/01/25 21:42:07 [notice] 29#29: exit
2026/01/25 21:42:07 [notice] 30#30: exit
2026/01/25 21:42:07 [notice] 33#33: exit
2026/01/25 21:42:07 [notice] 32#32: exit
2026/01/25 21:42:07 [notice] 31#31: exit
2026/01/25 21:42:07 [notice] 34#34: exit
2026/01/25 21:42:07 [notice] 35#35: exit
2026/01/25 21:42:07 [notice] 38#38: gracefully shutting down
2026/01/25 21:42:07 [notice] 39#39: gracefully shutting down
2026/01/25 21:42:07 [notice] 38#38: exiting
2026/01/25 21:42:07 [notice] 39#39: exiting
2026/01/25 21:42:07 [notice] 38#38: exit
2026/01/25 21:42:07 [notice] 39#39: exit
2026/01/25 21:42:07 [notice] 37#37: gracefully shutting down
2026/01/25 21:42:07 [notice] 37#37: exiting
2026/01/25 21:42:07 [notice] 37#37: exit
2026/01/25 21:42:07 [notice] 36#36: gracefully shutting down
2026/01/25 21:42:07 [notice] 36#36: exiting
2026/01/25 21:42:07 [notice] 36#36: exit
2026/01/25 21:42:08 [notice] 1#1: signal 17 (SIGCHLD) received from 28
2026/01/25 21:42:08 [notice] 1#1: worker process 28 exited with code 0
2026/01/25 21:42:08 [notice] 1#1: worker process 36 exited with code 0
2026/01/25 21:42:08 [notice] 1#1: worker process 31 exited with code 0
2026/01/25 21:42:08 [notice] 1#1: worker process 29 exited with code 0
2026/01/25 21:42:08 [notice] 1#1: signal 29 (SIGIO) received
2026/01/25 21:42:08 [notice] 1#1: signal 17 (SIGCHLD) received from 36
2026/01/25 21:42:08 [notice] 1#1: signal 17 (SIGCHLD) received from 39
2026/01/25 21:42:08 [notice] 1#1: worker process 39 exited with code 0
2026/01/25 21:42:08 [notice] 1#1: signal 29 (SIGIO) received
2026/01/25 21:42:08 [notice] 1#1: signal 17 (SIGCHLD) received from 37
2026/01/25 21:42:08 [notice] 1#1: worker process 34 exited with code 0
2026/01/25 21:42:08 [notice] 1#1: worker process 37 exited with code 0
2026/01/25 21:42:08 [notice] 1#1: worker process 35 exited with code 0
2026/01/25 21:42:08 [notice] 1#1: worker process 38 exited with code 0
2026/01/25 21:42:08 [notice] 1#1: signal 29 (SIGIO) received
2026/01/25 21:42:08 [notice] 1#1: signal 17 (SIGCHLD) received from 38
2026/01/25 21:42:08 [notice] 1#1: signal 17 (SIGCHLD) received from 33
2026/01/25 21:42:08 [notice] 1#1: worker process 33 exited with code 0
2026/01/25 21:42:08 [notice] 1#1: signal 29 (SIGIO) received
2026/01/25 21:42:08 [notice] 1#1: signal 17 (SIGCHLD) received from 30
2026/01/25 21:42:08 [notice] 1#1: worker process 30 exited with code 0
2026/01/25 21:42:08 [notice] 1#1: signal 29 (SIGIO) received
2026/01/25 21:42:08 [notice] 1#1: signal 17 (SIGCHLD) received from 32
2026/01/25 21:42:08 [notice] 1#1: worker process 32 exited with code 0
2026/01/25 21:42:08 [notice] 1#1: exit
2026/01/25 21:42:08 [notice] 1#1: using the "epoll" event method
2026/01/25 21:42:08 [notice] 1#1: nginx/1.29.0
2026/01/25 21:42:08 [notice] 1#1: built by gcc 12.2.0 (Debian 12.2.0-14+deb12u1) 
2026/01/25 21:42:08 [notice] 1#1: OS: Linux 6.8.0-90-generic
2026/01/25 21:42:08 [notice] 1#1: getrlimit(RLIMIT_NOFILE): 1048576:1048576
2026/01/25 21:42:08 [notice] 1#1: start worker processes
2026/01/25 21:42:08 [notice] 1#1: start worker process 28
2026/01/25 21:42:08 [notice] 1#1: start worker process 29
2026/01/25 21:42:08 [notice] 1#1: start worker process 30
2026/01/25 21:42:08 [notice] 1#1: start worker process 31
2026/01/25 21:42:08 [notice] 1#1: start worker process 32
2026/01/25 21:42:08 [notice] 1#1: start worker process 33
2026/01/25 21:42:08 [notice] 1#1: start worker process 34
2026/01/25 21:42:08 [notice] 1#1: start worker process 35
2026/01/25 21:42:08 [notice] 1#1: start worker process 36
2026/01/25 21:42:08 [notice] 1#1: start worker process 37
2026/01/25 21:42:08 [notice] 1#1: start worker process 38
2026/01/25 21:42:08 [notice] 1#1: start worker process 39
2026/01/25 21:43:45 [notice] 1#1: signal 3 (SIGQUIT) received, shutting down
2026/01/25 21:43:45 [notice] 28#28: gracefully shutting down
2026/01/25 21:43:45 [notice] 29#29: gracefully shutting down
2026/01/25 21:43:45 [notice] 30#30: gracefully shutting down
2026/01/25 21:43:45 [notice] 28#28: exiting
2026/01/25 21:43:45 [notice] 32#32: gracefully shutting down
2026/01/25 21:43:45 [notice] 29#29: exiting
2026/01/25 21:43:45 [notice] 30#30: exiting
2026/01/25 21:43:45 [notice] 36#36: gracefully shutting down
2026/01/25 21:43:45 [notice] 32#32: exiting
2026/01/25 21:43:45 [notice] 38#38: gracefully shutting down
2026/01/25 21:43:45 [notice] 39#39: gracefully shutting down
2026/01/25 21:43:45 [notice] 31#31: gracefully shutting down
2026/01/25 21:43:45 [notice] 36#36: exiting
2026/01/25 21:43:45 [notice] 39#39: exiting
2026/01/25 21:43:45 [notice] 38#38: exiting
2026/01/25 21:43:45 [notice] 28#28: exit
2026/01/25 21:43:45 [notice] 29#29: exit
2026/01/25 21:43:45 [notice] 31#31: exiting
2026/01/25 21:43:45 [notice] 30#30: exit
2026/01/25 21:43:45 [notice] 32#32: exit
2026/01/25 21:43:45 [notice] 39#39: exit
2026/01/25 21:43:45 [notice] 36#36: exit
2026/01/25 21:43:45 [notice] 38#38: exit
2026/01/25 21:43:45 [notice] 31#31: exit
2026/01/25 21:43:45 [notice] 34#34: gracefully shutting down
2026/01/25 21:43:45 [notice] 34#34: exiting
2026/01/25 21:43:45 [notice] 33#33: gracefully shutting down
2026/01/25 21:43:45 [notice] 34#34: exit
2026/01/25 21:43:45 [notice] 33#33: exiting
2026/01/25 21:43:45 [notice] 33#33: exit
2026/01/25 21:43:45 [notice] 37#37: gracefully shutting down
2026/01/25 21:43:45 [notice] 35#35: gracefully shutting down
2026/01/25 21:43:45 [notice] 37#37: exiting
2026/01/25 21:43:45 [notice] 35#35: exiting
2026/01/25 21:43:45 [notice] 37#37: exit
2026/01/25 21:43:45 [notice] 35#35: exit
2026/01/25 21:43:45 [notice] 1#1: signal 17 (SIGCHLD) received from 28
2026/01/25 21:43:45 [notice] 1#1: worker process 28 exited with code 0
2026/01/25 21:43:45 [notice] 1#1: worker process 30 exited with code 0
2026/01/25 21:43:45 [notice] 1#1: worker process 36 exited with code 0
2026/01/25 21:43:45 [notice] 1#1: worker process 37 exited with code 0
2026/01/25 21:43:45 [notice] 1#1: worker process 39 exited with code 0
2026/01/25 21:43:45 [notice] 1#1: signal 29 (SIGIO) received
2026/01/25 21:43:45 [notice] 1#1: signal 17 (SIGCHLD) received from 30
2026/01/25 21:43:45 [notice] 1#1: signal 17 (SIGCHLD) received from 38
2026/01/25 21:43:45 [notice] 1#1: worker process 38 exited with code 0
2026/01/25 21:43:45 [notice] 1#1: worker process 33 exited with code 0
2026/01/25 21:43:45 [notice] 1#1: signal 29 (SIGIO) received
2026/01/25 21:43:45 [notice] 1#1: signal 17 (SIGCHLD) received from 33
2026/01/25 21:43:45 [notice] 1#1: worker process 29 exited with code 0
2026/01/25 21:43:45 [notice] 1#1: signal 29 (SIGIO) received
2026/01/25 21:43:45 [notice] 1#1: signal 17 (SIGCHLD) received from 29
2026/01/25 21:43:45 [notice] 1#1: signal 17 (SIGCHLD) received from 31
2026/01/25 21:43:45 [notice] 1#1: worker process 31 exited with code 0
2026/01/25 21:43:45 [notice] 1#1: signal 29 (SIGIO) received
2026/01/25 21:43:45 [notice] 1#1: signal 17 (SIGCHLD) received from 35
2026/01/25 21:43:45 [notice] 1#1: worker process 35 exited with code 0
2026/01/25 21:43:45 [notice] 1#1: signal 29 (SIGIO) received
2026/01/25 21:43:45 [notice] 1#1: signal 17 (SIGCHLD) received from 32
2026/01/25 21:43:45 [notice] 1#1: worker process 32 exited with code 0
2026/01/25 21:43:45 [notice] 1#1: signal 17 (SIGCHLD) received from 34
2026/01/25 21:43:45 [notice] 1#1: worker process 34 exited with code 0
2026/01/25 21:43:45 [notice] 1#1: exit
2026/01/25 21:43:46 [notice] 1#1: using the "epoll" event method
2026/01/25 21:43:46 [notice] 1#1: nginx/1.29.0
2026/01/25 21:43:46 [notice] 1#1: built by gcc 12.2.0 (Debian 12.2.0-14+deb12u1) 
2026/01/25 21:43:46 [notice] 1#1: OS: Linux 6.8.0-90-generic
2026/01/25 21:43:46 [notice] 1#1: getrlimit(RLIMIT_NOFILE): 1048576:1048576
2026/01/25 21:43:46 [notice] 1#1: start worker processes
2026/01/25 21:43:46 [notice] 1#1: start worker process 28
2026/01/25 21:43:46 [notice] 1#1: start worker process 29
2026/01/25 21:43:46 [notice] 1#1: start worker process 30
2026/01/25 21:43:46 [notice] 1#1: start worker process 31
2026/01/25 21:43:46 [notice] 1#1: start worker process 32
2026/01/25 21:43:46 [notice] 1#1: start worker process 33
2026/01/25 21:43:46 [notice] 1#1: start worker process 34
2026/01/25 21:43:46 [notice] 1#1: start worker process 35
2026/01/25 21:43:46 [notice] 1#1: start worker process 36
2026/01/25 21:43:46 [notice] 1#1: start worker process 37
2026/01/25 21:43:46 [notice] 1#1: start worker process 38
2026/01/25 21:43:46 [notice] 1#1: start worker process 39
2026/01/25 21:49:34 [notice] 1#1: signal 3 (SIGQUIT) received, shutting down
2026/01/25 21:49:34 [notice] 28#28: gracefully shutting down
2026/01/25 21:49:34 [notice] 29#29: gracefully shutting down
2026/01/25 21:49:34 [notice] 30#30: gracefully shutting down
2026/01/25 21:49:34 [notice] 31#31: gracefully shutting down
2026/01/25 21:49:34 [notice] 28#28: exiting
2026/01/25 21:49:34 [notice] 32#32: gracefully shutting down
2026/01/25 21:49:34 [notice] 33#33: gracefully shutting down
2026/01/25 21:49:34 [notice] 29#29: exiting
2026/01/25 21:49:34 [notice] 30#30: exiting
2026/01/25 21:49:34 [notice] 31#31: exiting
2026/01/25 21:49:34 [notice] 37#37: gracefully shutting down
2026/01/25 21:49:34 [notice] 38#38: gracefully shutting down
2026/01/25 21:49:34 [notice] 32#32: exiting
2026/01/25 21:49:34 [notice] 34#34: gracefully shutting down
2026/01/25 21:49:34 [notice] 33#33: exiting
2026/01/25 21:49:34 [notice] 37#37: exiting
2026/01/25 21:49:34 [notice] 38#38: exiting
2026/01/25 21:49:34 [notice] 29#29: exit
2026/01/25 21:49:34 [notice] 28#28: exit
2026/01/25 21:49:34 [notice] 31#31: exit
2026/01/25 21:49:34 [notice] 30#30: exit
2026/01/25 21:49:34 [notice] 34#34: exiting
2026/01/25 21:49:34 [notice] 32#32: exit
2026/01/25 21:49:34 [notice] 33#33: exit
2026/01/25 21:49:34 [notice] 37#37: exit
2026/01/25 21:49:34 [notice] 38#38: exit
2026/01/25 21:49:34 [notice] 34#34: exit
2026/01/25 21:49:34 [notice] 35#35: gracefully shutting down
2026/01/25 21:49:34 [notice] 35#35: exiting
2026/01/25 21:49:34 [notice] 35#35: exit
2026/01/25 21:49:34 [notice] 39#39: gracefully shutting down
2026/01/25 21:49:34 [notice] 39#39: exiting
2026/01/25 21:49:34 [notice] 39#39: exit
2026/01/25 21:49:34 [notice] 36#36: gracefully shutting down
2026/01/25 21:49:34 [notice] 36#36: exiting
2026/01/25 21:49:34 [notice] 36#36: exit
2026/01/25 21:49:34 [notice] 1#1: signal 17 (SIGCHLD) received from 30
2026/01/25 21:49:34 [notice] 1#1: worker process 30 exited with code 0
2026/01/25 21:49:34 [notice] 1#1: signal 29 (SIGIO) received
2026/01/25 21:49:34 [notice] 1#1: signal 17 (SIGCHLD) received from 37
2026/01/25 21:49:34 [notice] 1#1: worker process 31 exited with code 0
2026/01/25 21:49:34 [notice] 1#1: worker process 32 exited with code 0
2026/01/25 21:49:34 [notice] 1#1: worker process 33 exited with code 0
2026/01/25 21:49:34 [notice] 1#1: worker process 34 exited with code 0
2026/01/25 21:49:34 [notice] 1#1: worker process 35 exited with code 0
2026/01/25 21:49:34 [notice] 1#1: worker process 36 exited with code 0
2026/01/25 21:49:34 [notice] 1#1: worker process 37 exited with code 0
2026/01/25 21:49:34 [notice] 1#1: worker process 39 exited with code 0
2026/01/25 21:49:34 [notice] 1#1: signal 29 (SIGIO) received
2026/01/25 21:49:34 [notice] 1#1: signal 17 (SIGCHLD) received from 34
2026/01/25 21:49:34 [notice] 1#1: signal 17 (SIGCHLD) received from 29
2026/01/25 21:49:34 [notice] 1#1: worker process 29 exited with code 0
2026/01/25 21:49:34 [notice] 1#1: signal 29 (SIGIO) received
2026/01/25 21:49:34 [notice] 1#1: signal 17 (SIGCHLD) received from 28
2026/01/25 21:49:34 [notice] 1#1: worker process 28 exited with code 0
2026/01/25 21:49:34 [notice] 1#1: signal 29 (SIGIO) received
2026/01/25 21:49:34 [notice] 1#1: signal 17 (SIGCHLD) received from 38
2026/01/25 21:49:34 [notice] 1#1: worker process 38 exited with code 0
2026/01/25 21:49:34 [notice] 1#1: exit
2026/01/25 21:49:51 [notice] 1#1: using the "epoll" event method
2026/01/25 21:49:51 [notice] 1#1: nginx/1.29.0
2026/01/25 21:49:51 [notice] 1#1: built by gcc 12.2.0 (Debian 12.2.0-14+deb12u1) 
2026/01/25 21:49:51 [notice] 1#1: OS: Linux 6.8.0-90-generic
2026/01/25 21:49:51 [notice] 1#1: getrlimit(RLIMIT_NOFILE): 1048576:1048576
2026/01/25 21:49:51 [notice] 1#1: start worker processes
2026/01/25 21:49:51 [notice] 1#1: start worker process 28
2026/01/25 21:49:51 [notice] 1#1: start worker process 29
2026/01/25 21:49:51 [notice] 1#1: start worker process 30
2026/01/25 21:49:51 [notice] 1#1: start worker process 31
2026/01/25 21:49:51 [notice] 1#1: start worker process 32
2026/01/25 21:49:51 [notice] 1#1: start worker process 33
2026/01/25 21:49:51 [notice] 1#1: start worker process 34
2026/01/25 21:49:51 [notice] 1#1: start worker process 35
2026/01/25 21:49:51 [notice] 1#1: start worker process 36
2026/01/25 21:49:51 [notice] 1#1: start worker process 37
2026/01/25 21:49:51 [notice] 1#1: start worker process 38
2026/01/25 21:49:51 [notice] 1#1: start worker process 39
2026/01/25 21:53:57 [notice] 1#1: signal 3 (SIGQUIT) received, shutting down
2026/01/25 21:53:57 [notice] 29#29: gracefully shutting down
2026/01/25 21:53:57 [notice] 30#30: gracefully shutting down
2026/01/25 21:53:57 [notice] 28#28: gracefully shutting down
2026/01/25 21:53:57 [notice] 32#32: gracefully shutting down
2026/01/25 21:53:57 [notice] 33#33: gracefully shutting down
2026/01/25 21:53:57 [notice] 34#34: gracefully shutting down
2026/01/25 21:53:57 [notice] 29#29: exiting
2026/01/25 21:53:57 [notice] 36#36: gracefully shutting down
2026/01/25 21:53:57 [notice] 35#35: gracefully shutting down
2026/01/25 21:53:57 [notice] 30#30: exiting
2026/01/25 21:53:57 [notice] 28#28: exiting
2026/01/25 21:53:57 [notice] 32#32: exiting
2026/01/25 21:53:57 [notice] 31#31: gracefully shutting down
2026/01/25 21:53:57 [notice] 33#33: exiting
2026/01/25 21:53:57 [notice] 34#34: exiting
2026/01/25 21:53:57 [notice] 36#36: exiting
2026/01/25 21:53:57 [notice] 35#35: exiting
2026/01/25 21:53:57 [notice] 31#31: exiting
2026/01/25 21:53:57 [notice] 29#29: exit
2026/01/25 21:53:57 [notice] 30#30: exit
2026/01/25 21:53:57 [notice] 28#28: exit
2026/01/25 21:53:57 [notice] 32#32: exit
2026/01/25 21:53:57 [notice] 35#35: exit
2026/01/25 21:53:57 [notice] 36#36: exit
2026/01/25 21:53:57 [notice] 34#34: exit
2026/01/25 21:53:57 [notice] 33#33: exit
2026/01/25 21:53:57 [notice] 31#31: exit
2026/01/25 21:53:57 [notice] 38#38: gracefully shutting down
2026/01/25 21:53:57 [notice] 38#38: exiting
2026/01/25 21:53:57 [notice] 38#38: exit
2026/01/25 21:53:57 [notice] 39#39: gracefully shutting down
2026/01/25 21:53:57 [notice] 39#39: exiting
2026/01/25 21:53:57 [notice] 37#37: gracefully shutting down
2026/01/25 21:53:57 [notice] 37#37: exiting
2026/01/25 21:53:57 [notice] 39#39: exit
2026/01/25 21:53:57 [notice] 37#37: exit
2026/01/25 21:53:57 [notice] 1#1: signal 17 (SIGCHLD) received from 39
2026/01/25 21:53:57 [notice] 1#1: worker process 28 exited with code 0
2026/01/25 21:53:57 [notice] 1#1: worker process 32 exited with code 0
2026/01/25 21:53:57 [notice] 1#1: worker process 39 exited with code 0
2026/01/25 21:53:57 [notice] 1#1: signal 29 (SIGIO) received
2026/01/25 21:53:57 [notice] 1#1: signal 17 (SIGCHLD) received from 28
2026/01/25 21:53:57 [notice] 1#1: signal 17 (SIGCHLD) received from 38
2026/01/25 21:53:57 [notice] 1#1: worker process 38 exited with code 0
2026/01/25 21:53:57 [notice] 1#1: worker process 31 exited with code 0
2026/01/25 21:53:57 [notice] 1#1: signal 29 (SIGIO) received
2026/01/25 21:53:57 [notice] 1#1: signal 17 (SIGCHLD) received from 31
2026/01/25 21:53:57 [notice] 1#1: signal 17 (SIGCHLD) received from 37
2026/01/25 21:53:57 [notice] 1#1: worker process 37 exited with code 0
2026/01/25 21:53:57 [notice] 1#1: signal 17 (SIGCHLD) received from 36
2026/01/25 21:53:57 [notice] 1#1: worker process 36 exited with code 0
2026/01/25 21:53:57 [notice] 1#1: signal 29 (SIGIO) received
2026/01/25 21:53:57 [notice] 1#1: signal 29 (SIGIO) received
2026/01/25 21:53:57 [notice] 1#1: signal 17 (SIGCHLD) received from 33
2026/01/25 21:53:57 [notice] 1#1: worker process 33 exited with code 0
2026/01/25 21:53:57 [notice] 1#1: worker process 34 exited with code 0
2026/01/25 21:53:57 [notice] 1#1: signal 29 (SIGIO) received
2026/01/25 21:53:57 [notice] 1#1: signal 17 (SIGCHLD) received from 35
2026/01/25 21:53:57 [notice] 1#1: worker process 35 exited with code 0
2026/01/25 21:53:57 [notice] 1#1: signal 29 (SIGIO) received
2026/01/25 21:53:57 [notice] 1#1: signal 17 (SIGCHLD) received from 29
2026/01/25 21:53:57 [notice] 1#1: worker process 29 exited with code 0
2026/01/25 21:53:57 [notice] 1#1: signal 17 (SIGCHLD) received from 30
2026/01/25 21:53:57 [notice] 1#1: worker process 30 exited with code 0
2026/01/25 21:53:57 [notice] 1#1: exit
2026/01/25 21:53:57 [notice] 1#1: using the "epoll" event method
2026/01/25 21:53:57 [notice] 1#1: nginx/1.29.0
2026/01/25 21:53:57 [notice] 1#1: built by gcc 12.2.0 (Debian 12.2.0-14+deb12u1) 
2026/01/25 21:53:57 [notice] 1#1: OS: Linux 6.8.0-90-generic
2026/01/25 21:53:57 [notice] 1#1: getrlimit(RLIMIT_NOFILE): 1048576:1048576
2026/01/25 21:53:57 [notice] 1#1: start worker processes
2026/01/25 21:53:57 [notice] 1#1: start worker process 28
2026/01/25 21:53:57 [notice] 1#1: start worker process 29
2026/01/25 21:53:57 [notice] 1#1: start worker process 30
2026/01/25 21:53:57 [notice] 1#1: start worker process 31
2026/01/25 21:53:57 [notice] 1#1: start worker process 32
2026/01/25 21:53:57 [notice] 1#1: start worker process 33
2026/01/25 21:53:57 [notice] 1#1: start worker process 34
2026/01/25 21:53:57 [notice] 1#1: start worker process 35
2026/01/25 21:53:57 [notice] 1#1: start worker process 36
2026/01/25 21:53:57 [notice] 1#1: start worker process 37
2026/01/25 21:53:57 [notice] 1#1: start worker process 38
2026/01/25 21:53:57 [notice] 1#1: start worker process 39
2026/01/25 21:55:09 [notice] 1#1: signal 3 (SIGQUIT) received, shutting down
2026/01/25 21:55:09 [notice] 28#28: gracefully shutting down
2026/01/25 21:55:09 [notice] 29#29: gracefully shutting down
2026/01/25 21:55:09 [notice] 30#30: gracefully shutting down
2026/01/25 21:55:09 [notice] 31#31: gracefully shutting down
2026/01/25 21:55:09 [notice] 32#32: gracefully shutting down
2026/01/25 21:55:09 [notice] 33#33: gracefully shutting down
2026/01/25 21:55:09 [notice] 28#28: exiting
2026/01/25 21:55:09 [notice] 34#34: gracefully shutting down
2026/01/25 21:55:09 [notice] 29#29: exiting
2026/01/25 21:55:09 [notice] 36#36: gracefully shutting down
2026/01/25 21:55:09 [notice] 30#30: exiting
2026/01/25 21:55:09 [notice] 31#31: exiting
2026/01/25 21:55:09 [notice] 35#35: gracefully shutting down
2026/01/25 21:55:09 [notice] 32#32: exiting
2026/01/25 21:55:09 [notice] 33#33: exiting
2026/01/25 21:55:09 [notice] 34#34: exiting
2026/01/25 21:55:09 [notice] 36#36: exiting
2026/01/25 21:55:09 [notice] 35#35: exiting
2026/01/25 21:55:09 [notice] 28#28: exit
2026/01/25 21:55:09 [notice] 29#29: exit
2026/01/25 21:55:09 [notice] 30#30: exit
2026/01/25 21:55:09 [notice] 31#31: exit
2026/01/25 21:55:09 [notice] 32#32: exit
2026/01/25 21:55:09 [notice] 33#33: exit
2026/01/25 21:55:09 [notice] 34#34: exit
2026/01/25 21:55:09 [notice] 36#36: exit
2026/01/25 21:55:09 [notice] 35#35: exit
2026/01/25 21:55:09 [notice] 39#39: gracefully shutting down
2026/01/25 21:55:09 [notice] 39#39: exiting
2026/01/25 21:55:09 [notice] 37#37: gracefully shutting down
2026/01/25 21:55:09 [notice] 37#37: exiting
2026/01/25 21:55:09 [notice] 39#39: exit
2026/01/25 21:55:09 [notice] 37#37: exit
2026/01/25 21:55:09 [notice] 38#38: gracefully shutting down
2026/01/25 21:55:09 [notice] 38#38: exiting
2026/01/25 21:55:09 [notice] 38#38: exit
2026/01/25 21:55:09 [notice] 1#1: signal 17 (SIGCHLD) received from 28
2026/01/25 21:55:09 [notice] 1#1: worker process 28 exited with code 0
2026/01/25 21:55:09 [notice] 1#1: worker process 37 exited with code 0
2026/01/25 21:55:09 [notice] 1#1: signal 29 (SIGIO) received
2026/01/25 21:55:09 [notice] 1#1: signal 17 (SIGCHLD) received from 29
2026/01/25 21:55:09 [notice] 1#1: worker process 29 exited with code 0
2026/01/25 21:55:09 [notice] 1#1: signal 29 (SIGIO) received
2026/01/25 21:55:09 [notice] 1#1: signal 17 (SIGCHLD) received from 39
2026/01/25 21:55:09 [notice] 1#1: worker process 39 exited with code 0
2026/01/25 21:55:09 [notice] 1#1: worker process 34 exited with code 0
2026/01/25 21:55:09 [notice] 1#1: worker process 35 exited with code 0
2026/01/25 21:55:09 [notice] 1#1: signal 29 (SIGIO) received
2026/01/25 21:55:09 [notice] 1#1: signal 17 (SIGCHLD) received from 35
2026/01/25 21:55:09 [notice] 1#1: signal 17 (SIGCHLD) received from 31
2026/01/25 21:55:09 [notice] 1#1: worker process 31 exited with code 0
2026/01/25 21:55:09 [notice] 1#1: worker process 30 exited with code 0
2026/01/25 21:55:09 [notice] 1#1: signal 29 (SIGIO) received
2026/01/25 21:55:09 [notice] 1#1: signal 17 (SIGCHLD) received from 30
2026/01/25 21:55:09 [notice] 1#1: signal 17 (SIGCHLD) received from 36
2026/01/25 21:55:09 [notice] 1#1: worker process 36 exited with code 0
2026/01/25 21:55:09 [notice] 1#1: signal 29 (SIGIO) received
2026/01/25 21:55:09 [notice] 1#1: signal 17 (SIGCHLD) received from 32
2026/01/25 21:55:09 [notice] 1#1: worker process 32 exited with code 0
2026/01/25 21:55:09 [notice] 1#1: signal 29 (SIGIO) received
2026/01/25 21:55:09 [notice] 1#1: signal 17 (SIGCHLD) received from 33
2026/01/25 21:55:09 [notice] 1#1: worker process 33 exited with code 0
2026/01/25 21:55:09 [notice] 1#1: signal 17 (SIGCHLD) received from 38
2026/01/25 21:55:09 [notice] 1#1: worker process 38 exited with code 0
2026/01/25 21:55:09 [notice] 1#1: exit
2026/01/25 21:55:09 [notice] 1#1: using the "epoll" event method
2026/01/25 21:55:09 [notice] 1#1: nginx/1.29.0
2026/01/25 21:55:09 [notice] 1#1: built by gcc 12.2.0 (Debian 12.2.0-14+deb12u1) 
2026/01/25 21:55:09 [notice] 1#1: OS: Linux 6.8.0-90-generic
2026/01/25 21:55:09 [notice] 1#1: getrlimit(RLIMIT_NOFILE): 1048576:1048576
2026/01/25 21:55:09 [notice] 1#1: start worker processes
2026/01/25 21:55:09 [notice] 1#1: start worker process 28
2026/01/25 21:55:09 [notice] 1#1: start worker process 29
2026/01/25 21:55:09 [notice] 1#1: start worker process 30
2026/01/25 21:55:09 [notice] 1#1: start worker process 31
2026/01/25 21:55:09 [notice] 1#1: start worker process 32
2026/01/25 21:55:09 [notice] 1#1: start worker process 33
2026/01/25 21:55:09 [notice] 1#1: start worker process 34
2026/01/25 21:55:09 [notice] 1#1: start worker process 35
2026/01/25 21:55:09 [notice] 1#1: start worker process 36
2026/01/25 21:55:09 [notice] 1#1: start worker process 37
2026/01/25 21:55:09 [notice] 1#1: start worker process 38
2026/01/25 21:55:09 [notice] 1#1: start worker process 39
2026/01/25 21:55:31 [notice] 1#1: signal 3 (SIGQUIT) received, shutting down
2026/01/25 21:55:31 [notice] 28#28: gracefully shutting down
2026/01/25 21:55:31 [notice] 30#30: gracefully shutting down
2026/01/25 21:55:31 [notice] 29#29: gracefully shutting down
2026/01/25 21:55:31 [notice] 32#32: gracefully shutting down
2026/01/25 21:55:31 [notice] 31#31: gracefully shutting down
2026/01/25 21:55:31 [notice] 28#28: exiting
2026/01/25 21:55:31 [notice] 33#33: gracefully shutting down
2026/01/25 21:55:31 [notice] 34#34: gracefully shutting down
2026/01/25 21:55:31 [notice] 30#30: exiting
2026/01/25 21:55:31 [notice] 29#29: exiting
2026/01/25 21:55:31 [notice] 32#32: exiting
2026/01/25 21:55:31 [notice] 31#31: exiting
2026/01/25 21:55:31 [notice] 39#39: gracefully shutting down
2026/01/25 21:55:31 [notice] 33#33: exiting
2026/01/25 21:55:31 [notice] 36#36: gracefully shutting down
2026/01/25 21:55:31 [notice] 28#28: exit
2026/01/25 21:55:31 [notice] 39#39: exiting
2026/01/25 21:55:31 [notice] 34#34: exiting
2026/01/25 21:55:31 [notice] 36#36: exiting
2026/01/25 21:55:31 [notice] 30#30: exit
2026/01/25 21:55:31 [notice] 31#31: exit
2026/01/25 21:55:31 [notice] 29#29: exit
2026/01/25 21:55:31 [notice] 32#32: exit
2026/01/25 21:55:31 [notice] 33#33: exit
2026/01/25 21:55:31 [notice] 39#39: exit
2026/01/25 21:55:31 [notice] 36#36: exit
2026/01/25 21:55:31 [notice] 34#34: exit
2026/01/25 21:55:31 [notice] 38#38: gracefully shutting down
2026/01/25 21:55:31 [notice] 38#38: exiting
2026/01/25 21:55:31 [notice] 38#38: exit
2026/01/25 21:55:31 [notice] 35#35: gracefully shutting down
2026/01/25 21:55:31 [notice] 35#35: exiting
2026/01/25 21:55:31 [notice] 35#35: exit
2026/01/25 21:55:31 [notice] 37#37: gracefully shutting down
2026/01/25 21:55:31 [notice] 37#37: exiting
2026/01/25 21:55:31 [notice] 37#37: exit
2026/01/25 21:55:31 [notice] 1#1: signal 17 (SIGCHLD) received from 28
2026/01/25 21:55:31 [notice] 1#1: worker process 28 exited with code 0
2026/01/25 21:55:31 [notice] 1#1: worker process 29 exited with code 0
2026/01/25 21:55:31 [notice] 1#1: worker process 32 exited with code 0
2026/01/25 21:55:31 [notice] 1#1: worker process 35 exited with code 0
2026/01/25 21:55:31 [notice] 1#1: worker process 36 exited with code 0
2026/01/25 21:55:31 [notice] 1#1: signal 29 (SIGIO) received
2026/01/25 21:55:31 [notice] 1#1: signal 17 (SIGCHLD) received from 35
2026/01/25 21:55:31 [notice] 1#1: signal 17 (SIGCHLD) received from 31
2026/01/25 21:55:31 [notice] 1#1: worker process 31 exited with code 0
2026/01/25 21:55:31 [notice] 1#1: worker process 34 exited with code 0
2026/01/25 21:55:31 [notice] 1#1: signal 29 (SIGIO) received
2026/01/25 21:55:31 [notice] 1#1: signal 17 (SIGCHLD) received from 34
2026/01/25 21:55:31 [notice] 1#1: signal 17 (SIGCHLD) received from 38
2026/01/25 21:55:31 [notice] 1#1: worker process 38 exited with code 0
2026/01/25 21:55:31 [notice] 1#1: signal 29 (SIGIO) received
2026/01/25 21:55:31 [notice] 1#1: signal 17 (SIGCHLD) received from 30
2026/01/25 21:55:31 [notice] 1#1: worker process 30 exited with code 0
2026/01/25 21:55:31 [notice] 1#1: signal 29 (SIGIO) received
2026/01/25 21:55:31 [notice] 1#1: signal 17 (SIGCHLD) received from 33
2026/01/25 21:55:31 [notice] 1#1: worker process 33 exited with code 0
2026/01/25 21:55:31 [notice] 1#1: signal 29 (SIGIO) received
2026/01/25 21:55:31 [notice] 1#1: signal 17 (SIGCHLD) received from 37
2026/01/25 21:55:31 [notice] 1#1: worker process 37 exited with code 0
2026/01/25 21:55:31 [notice] 1#1: signal 17 (SIGCHLD) received from 39
2026/01/25 21:55:31 [notice] 1#1: worker process 39 exited with code 0
2026/01/25 21:55:31 [notice] 1#1: exit
2026/01/25 21:55:32 [notice] 1#1: using the "epoll" event method
2026/01/25 21:55:32 [notice] 1#1: nginx/1.29.0
2026/01/25 21:55:32 [notice] 1#1: built by gcc 12.2.0 (Debian 12.2.0-14+deb12u1) 
2026/01/25 21:55:32 [notice] 1#1: OS: Linux 6.8.0-90-generic
2026/01/25 21:55:32 [notice] 1#1: getrlimit(RLIMIT_NOFILE): 1048576:1048576
2026/01/25 21:55:32 [notice] 1#1: start worker processes
2026/01/25 21:55:32 [notice] 1#1: start worker process 28
2026/01/25 21:55:32 [notice] 1#1: start worker process 29
2026/01/25 21:55:32 [notice] 1#1: start worker process 30
2026/01/25 21:55:32 [notice] 1#1: start worker process 31
2026/01/25 21:55:32 [notice] 1#1: start worker process 32
2026/01/25 21:55:32 [notice] 1#1: start worker process 33
2026/01/25 21:55:32 [notice] 1#1: start worker process 34
2026/01/25 21:55:32 [notice] 1#1: start worker process 35
2026/01/25 21:55:32 [notice] 1#1: start worker process 36
2026/01/25 21:55:32 [notice] 1#1: start worker process 37
2026/01/25 21:55:32 [notice] 1#1: start worker process 38
2026/01/25 21:55:32 [notice] 1#1: start worker process 39
2026/01/25 21:57:27 [notice] 1#1: signal 3 (SIGQUIT) received, shutting down
2026/01/25 21:57:27 [notice] 28#28: gracefully shutting down
2026/01/25 21:57:27 [notice] 29#29: gracefully shutting down
2026/01/25 21:57:27 [notice] 28#28: exiting
2026/01/25 21:57:27 [notice] 31#31: gracefully shutting down
2026/01/25 21:57:27 [notice] 32#32: gracefully shutting down
2026/01/25 21:57:27 [notice] 29#29: exiting
2026/01/25 21:57:27 [notice] 31#31: exiting
2026/01/25 21:57:27 [notice] 32#32: exiting
2026/01/25 21:57:27 [notice] 30#30: gracefully shutting down
2026/01/25 21:57:27 [notice] 30#30: exiting
2026/01/25 21:57:27 [notice] 29#29: exit
2026/01/25 21:57:27 [notice] 28#28: exit
2026/01/25 21:57:27 [notice] 31#31: exit
2026/01/25 21:57:27 [notice] 32#32: exit
2026/01/25 21:57:27 [notice] 30#30: exit
2026/01/25 21:57:27 [notice] 34#34: gracefully shutting down
2026/01/25 21:57:27 [notice] 34#34: exiting
2026/01/25 21:57:27 [notice] 33#33: gracefully shutting down
2026/01/25 21:57:27 [notice] 35#35: gracefully shutting down
2026/01/25 21:57:27 [notice] 36#36: gracefully shutting down
2026/01/25 21:57:27 [notice] 33#33: exiting
2026/01/25 21:57:27 [notice] 35#35: exiting
2026/01/25 21:57:27 [notice] 38#38: gracefully shutting down
2026/01/25 21:57:27 [notice] 36#36: exiting
2026/01/25 21:57:27 [notice] 34#34: exit
2026/01/25 21:57:27 [notice] 37#37: gracefully shutting down
2026/01/25 21:57:27 [notice] 38#38: exiting
2026/01/25 21:57:27 [notice] 37#37: exiting
2026/01/25 21:57:27 [notice] 33#33: exit
2026/01/25 21:57:27 [notice] 35#35: exit
2026/01/25 21:57:27 [notice] 36#36: exit
2026/01/25 21:57:27 [notice] 38#38: exit
2026/01/25 21:57:27 [notice] 37#37: exit
2026/01/25 21:57:27 [notice] 39#39: gracefully shutting down
2026/01/25 21:57:27 [notice] 39#39: exiting
2026/01/25 21:57:27 [notice] 39#39: exit
2026/01/25 21:57:27 [notice] 1#1: signal 17 (SIGCHLD) received from 30
2026/01/25 21:57:27 [notice] 1#1: worker process 30 exited with code 0
2026/01/25 21:57:27 [notice] 1#1: worker process 36 exited with code 0
2026/01/25 21:57:27 [notice] 1#1: signal 29 (SIGIO) received
2026/01/25 21:57:27 [notice] 1#1: signal 17 (SIGCHLD) received from 36
2026/01/25 21:57:27 [notice] 1#1: signal 17 (SIGCHLD) received from 32
2026/01/25 21:57:27 [notice] 1#1: worker process 32 exited with code 0
2026/01/25 21:57:27 [notice] 1#1: signal 29 (SIGIO) received
2026/01/25 21:57:27 [notice] 1#1: signal 17 (SIGCHLD) received from 29
2026/01/25 21:57:27 [notice] 1#1: worker process 29 exited with code 0
2026/01/25 21:57:27 [notice] 1#1: worker process 35 exited with code 0
2026/01/25 21:57:27 [notice] 1#1: worker process 38 exited with code 0
2026/01/25 21:57:27 [notice] 1#1: signal 29 (SIGIO) received
2026/01/25 21:57:27 [notice] 1#1: signal 17 (SIGCHLD) received from 38
2026/01/25 21:57:27 [notice] 1#1: signal 17 (SIGCHLD) received from 31
2026/01/25 21:57:27 [notice] 1#1: worker process 31 exited with code 0
2026/01/25 21:57:27 [notice] 1#1: worker process 37 exited with code 0
2026/01/25 21:57:27 [notice] 1#1: worker process 39 exited with code 0
2026/01/25 21:57:27 [notice] 1#1: signal 29 (SIGIO) received
2026/01/25 21:57:27 [notice] 1#1: signal 17 (SIGCHLD) received from 37
2026/01/25 21:57:27 [notice] 1#1: worker process 33 exited with code 0
2026/01/25 21:57:27 [notice] 1#1: signal 29 (SIGIO) received
2026/01/25 21:57:27 [notice] 1#1: signal 17 (SIGCHLD) received from 28
2026/01/25 21:57:27 [notice] 1#1: worker process 28 exited with code 0
2026/01/25 21:57:27 [notice] 1#1: signal 29 (SIGIO) received
2026/01/25 21:57:27 [notice] 1#1: signal 17 (SIGCHLD) received from 34
2026/01/25 21:57:27 [notice] 1#1: worker process 34 exited with code 0
2026/01/25 21:57:27 [notice] 1#1: exit
2026/01/25 21:57:28 [notice] 1#1: using the "epoll" event method
2026/01/25 21:57:28 [notice] 1#1: nginx/1.29.0
2026/01/25 21:57:28 [notice] 1#1: built by gcc 12.2.0 (Debian 12.2.0-14+deb12u1) 
2026/01/25 21:57:28 [notice] 1#1: OS: Linux 6.8.0-90-generic
2026/01/25 21:57:28 [notice] 1#1: getrlimit(RLIMIT_NOFILE): 1048576:1048576
2026/01/25 21:57:28 [notice] 1#1: start worker processes
2026/01/25 21:57:28 [notice] 1#1: start worker process 28
2026/01/25 21:57:28 [notice] 1#1: start worker process 29
2026/01/25 21:57:28 [notice] 1#1: start worker process 30
2026/01/25 21:57:28 [notice] 1#1: start worker process 31
2026/01/25 21:57:28 [notice] 1#1: start worker process 32
2026/01/25 21:57:28 [notice] 1#1: start worker process 33
2026/01/25 21:57:28 [notice] 1#1: start worker process 34
2026/01/25 21:57:28 [notice] 1#1: start worker process 35
2026/01/25 21:57:28 [notice] 1#1: start worker process 36
2026/01/25 21:57:28 [notice] 1#1: start worker process 37
2026/01/25 21:57:28 [notice] 1#1: start worker process 38
2026/01/25 21:57:28 [notice] 1#1: start worker process 39
2026/01/25 21:58:54 [notice] 1#1: signal 3 (SIGQUIT) received, shutting down
2026/01/25 21:58:54 [notice] 28#28: gracefully shutting down
2026/01/25 21:58:54 [notice] 29#29: gracefully shutting down
2026/01/25 21:58:54 [notice] 30#30: gracefully shutting down
2026/01/25 21:58:54 [notice] 31#31: gracefully shutting down
2026/01/25 21:58:54 [notice] 28#28: exiting
2026/01/25 21:58:54 [notice] 32#32: gracefully shutting down
2026/01/25 21:58:54 [notice] 33#33: gracefully shutting down
2026/01/25 21:58:54 [notice] 29#29: exiting
2026/01/25 21:58:54 [notice] 35#35: gracefully shutting down
2026/01/25 21:58:54 [notice] 30#30: exiting
2026/01/25 21:58:54 [notice] 37#37: gracefully shutting down
2026/01/25 21:58:54 [notice] 31#31: exiting
2026/01/25 21:58:54 [notice] 34#34: gracefully shutting down
2026/01/25 21:58:54 [notice] 32#32: exiting
2026/01/25 21:58:54 [notice] 33#33: exiting
2026/01/25 21:58:54 [notice] 35#35: exiting
2026/01/25 21:58:54 [notice] 37#37: exiting
2026/01/25 21:58:54 [notice] 28#28: exit
2026/01/25 21:58:54 [notice] 34#34: exiting
2026/01/25 21:58:54 [notice] 29#29: exit
2026/01/25 21:58:54 [notice] 30#30: exit
2026/01/25 21:58:54 [notice] 31#31: exit
2026/01/25 21:58:54 [notice] 35#35: exit
2026/01/25 21:58:54 [notice] 37#37: exit
2026/01/25 21:58:54 [notice] 33#33: exit
2026/01/25 21:58:54 [notice] 32#32: exit
2026/01/25 21:58:54 [notice] 34#34: exit
2026/01/25 21:58:54 [notice] 38#38: gracefully shutting down
2026/01/25 21:58:54 [notice] 38#38: exiting
2026/01/25 21:58:54 [notice] 38#38: exit
2026/01/25 21:58:54 [notice] 36#36: gracefully shutting down
2026/01/25 21:58:54 [notice] 36#36: exiting
2026/01/25 21:58:54 [notice] 39#39: gracefully shutting down
2026/01/25 21:58:54 [notice] 39#39: exiting
2026/01/25 21:58:54 [notice] 36#36: exit
2026/01/25 21:58:54 [notice] 39#39: exit
2026/01/25 21:58:54 [notice] 1#1: signal 17 (SIGCHLD) received from 38
2026/01/25 21:58:54 [notice] 1#1: worker process 30 exited with code 0
2026/01/25 21:58:54 [notice] 1#1: worker process 35 exited with code 0
2026/01/25 21:58:54 [notice] 1#1: worker process 38 exited with code 0
2026/01/25 21:58:54 [notice] 1#1: signal 29 (SIGIO) received
2026/01/25 21:58:54 [notice] 1#1: signal 17 (SIGCHLD) received from 35
2026/01/25 21:58:54 [notice] 1#1: signal 17 (SIGCHLD) received from 36
2026/01/25 21:58:54 [notice] 1#1: worker process 32 exited with code 0
2026/01/25 21:58:54 [notice] 1#1: worker process 36 exited with code 0
2026/01/25 21:58:54 [notice] 1#1: worker process 33 exited with code 0
2026/01/25 21:58:54 [notice] 1#1: signal 29 (SIGIO) received
2026/01/25 21:58:54 [notice] 1#1: signal 17 (SIGCHLD) received from 32
2026/01/25 21:58:54 [notice] 1#1: signal 17 (SIGCHLD) received from 34
2026/01/25 21:58:54 [notice] 1#1: worker process 34 exited with code 0
2026/01/25 21:58:54 [notice] 1#1: signal 29 (SIGIO) received
2026/01/25 21:58:54 [notice] 1#1: signal 17 (SIGCHLD) received from 29
2026/01/25 21:58:54 [notice] 1#1: worker process 28 exited with code 0
2026/01/25 21:58:54 [notice] 1#1: worker process 29 exited with code 0
2026/01/25 21:58:54 [notice] 1#1: signal 29 (SIGIO) received
2026/01/25 21:58:54 [notice] 1#1: signal 17 (SIGCHLD) received from 37
2026/01/25 21:58:54 [notice] 1#1: worker process 37 exited with code 0
2026/01/25 21:58:54 [notice] 1#1: signal 29 (SIGIO) received
2026/01/25 21:58:54 [notice] 1#1: signal 17 (SIGCHLD) received from 39
2026/01/25 21:58:54 [notice] 1#1: worker process 39 exited with code 0
2026/01/25 21:58:54 [notice] 1#1: signal 29 (SIGIO) received
2026/01/25 21:58:54 [notice] 1#1: signal 17 (SIGCHLD) received from 31
2026/01/25 21:58:54 [notice] 1#1: worker process 31 exited with code 0
2026/01/25 21:58:54 [notice] 1#1: exit
2026/01/25 21:58:54 [notice] 1#1: using the "epoll" event method
2026/01/25 21:58:54 [notice] 1#1: nginx/1.29.0
2026/01/25 21:58:54 [notice] 1#1: built by gcc 12.2.0 (Debian 12.2.0-14+deb12u1) 
2026/01/25 21:58:54 [notice] 1#1: OS: Linux 6.8.0-90-generic
2026/01/25 21:58:54 [notice] 1#1: getrlimit(RLIMIT_NOFILE): 1048576:1048576
2026/01/25 21:58:54 [notice] 1#1: start worker processes
2026/01/25 21:58:54 [notice] 1#1: start worker process 28
2026/01/25 21:58:54 [notice] 1#1: start worker process 29
2026/01/25 21:58:54 [notice] 1#1: start worker process 30
2026/01/25 21:58:54 [notice] 1#1: start worker process 31
2026/01/25 21:58:54 [notice] 1#1: start worker process 32
2026/01/25 21:58:54 [notice] 1#1: start worker process 33
2026/01/25 21:58:54 [notice] 1#1: start worker process 34
2026/01/25 21:58:54 [notice] 1#1: start worker process 35
2026/01/25 21:58:54 [notice] 1#1: start worker process 36
2026/01/25 21:58:54 [notice] 1#1: start worker process 37
2026/01/25 21:58:54 [notice] 1#1: start worker process 38
2026/01/25 21:58:54 [notice] 1#1: start worker process 39
2026/01/25 22:01:26 [notice] 1#1: signal 3 (SIGQUIT) received, shutting down
2026/01/25 22:01:26 [notice] 28#28: gracefully shutting down
2026/01/25 22:01:26 [notice] 31#31: gracefully shutting down
2026/01/25 22:01:26 [notice] 30#30: gracefully shutting down
2026/01/25 22:01:26 [notice] 29#29: gracefully shutting down
2026/01/25 22:01:26 [notice] 34#34: gracefully shutting down
2026/01/25 22:01:26 [notice] 33#33: gracefully shutting down
2026/01/25 22:01:26 [notice] 35#35: gracefully shutting down
2026/01/25 22:01:26 [notice] 36#36: gracefully shutting down
2026/01/25 22:01:26 [notice] 28#28: exiting
2026/01/25 22:01:26 [notice] 31#31: exiting
2026/01/25 22:01:26 [notice] 32#32: gracefully shutting down
2026/01/25 22:01:26 [notice] 30#30: exiting
2026/01/25 22:01:26 [notice] 29#29: exiting
2026/01/25 22:01:26 [notice] 34#34: exiting
2026/01/25 22:01:26 [notice] 33#33: exiting
2026/01/25 22:01:26 [notice] 35#35: exiting
2026/01/25 22:01:26 [notice] 36#36: exiting
2026/01/25 22:01:26 [notice] 32#32: exiting
2026/01/25 22:01:26 [notice] 31#31: exit
2026/01/25 22:01:26 [notice] 30#30: exit
2026/01/25 22:01:26 [notice] 29#29: exit
2026/01/25 22:01:26 [notice] 34#34: exit
2026/01/25 22:01:26 [notice] 28#28: exit
2026/01/25 22:01:26 [notice] 36#36: exit
2026/01/25 22:01:26 [notice] 33#33: exit
2026/01/25 22:01:26 [notice] 35#35: exit
2026/01/25 22:01:26 [notice] 32#32: exit
2026/01/25 22:01:26 [notice] 39#39: gracefully shutting down
2026/01/25 22:01:26 [notice] 39#39: exiting
2026/01/25 22:01:26 [notice] 39#39: exit
2026/01/25 22:01:26 [notice] 38#38: gracefully shutting down
2026/01/25 22:01:26 [notice] 38#38: exiting
2026/01/25 22:01:26 [notice] 37#37: gracefully shutting down
2026/01/25 22:01:26 [notice] 38#38: exit
2026/01/25 22:01:26 [notice] 37#37: exiting
2026/01/25 22:01:26 [notice] 37#37: exit
2026/01/25 22:01:26 [notice] 1#1: signal 17 (SIGCHLD) received from 34
2026/01/25 22:01:26 [notice] 1#1: worker process 31 exited with code 0
2026/01/25 22:01:26 [notice] 1#1: worker process 34 exited with code 0
2026/01/25 22:01:26 [notice] 1#1: worker process 37 exited with code 0
2026/01/25 22:01:26 [notice] 1#1: signal 29 (SIGIO) received
2026/01/25 22:01:26 [notice] 1#1: signal 17 (SIGCHLD) received from 37
2026/01/25 22:01:26 [notice] 1#1: signal 17 (SIGCHLD) received from 28
2026/01/25 22:01:26 [notice] 1#1: worker process 28 exited with code 0
2026/01/25 22:01:26 [notice] 1#1: worker process 33 exited with code 0
2026/01/25 22:01:26 [notice] 1#1: signal 29 (SIGIO) received
2026/01/25 22:01:26 [notice] 1#1: signal 17 (SIGCHLD) received from 33
2026/01/25 22:01:26 [notice] 1#1: signal 17 (SIGCHLD) received from 30
2026/01/25 22:01:26 [notice] 1#1: worker process 30 exited with code 0
2026/01/25 22:01:26 [notice] 1#1: signal 29 (SIGIO) received
2026/01/25 22:01:26 [notice] 1#1: signal 17 (SIGCHLD) received from 29
2026/01/25 22:01:26 [notice] 1#1: worker process 29 exited with code 0
2026/01/25 22:01:26 [notice] 1#1: signal 29 (SIGIO) received
2026/01/25 22:01:26 [notice] 1#1: signal 17 (SIGCHLD) received from 36
2026/01/25 22:01:26 [notice] 1#1: worker process 36 exited with code 0
2026/01/25 22:01:26 [notice] 1#1: worker process 39 exited with code 0
2026/01/25 22:01:26 [notice] 1#1: signal 29 (SIGIO) received
2026/01/25 22:01:26 [notice] 1#1: signal 17 (SIGCHLD) received from 32
2026/01/25 22:01:26 [notice] 1#1: worker process 32 exited with code 0
2026/01/25 22:01:26 [notice] 1#1: worker process 38 exited with code 0
2026/01/25 22:01:26 [notice] 1#1: signal 29 (SIGIO) received
2026/01/25 22:01:26 [notice] 1#1: signal 17 (SIGCHLD) received from 38
2026/01/25 22:01:26 [notice] 1#1: signal 17 (SIGCHLD) received from 35
2026/01/25 22:01:26 [notice] 1#1: worker process 35 exited with code 0
2026/01/25 22:01:26 [notice] 1#1: exit
2026/01/25 22:01:27 [notice] 1#1: using the "epoll" event method
2026/01/25 22:01:27 [notice] 1#1: nginx/1.29.0
2026/01/25 22:01:27 [notice] 1#1: built by gcc 12.2.0 (Debian 12.2.0-14+deb12u1) 
2026/01/25 22:01:27 [notice] 1#1: OS: Linux 6.8.0-90-generic
2026/01/25 22:01:27 [notice] 1#1: getrlimit(RLIMIT_NOFILE): 1048576:1048576
2026/01/25 22:01:27 [notice] 1#1: start worker processes
2026/01/25 22:01:27 [notice] 1#1: start worker process 28
2026/01/25 22:01:27 [notice] 1#1: start worker process 29
2026/01/25 22:01:27 [notice] 1#1: start worker process 30
2026/01/25 22:01:27 [notice] 1#1: start worker process 31
2026/01/25 22:01:27 [notice] 1#1: start worker process 32
2026/01/25 22:01:27 [notice] 1#1: start worker process 33
2026/01/25 22:01:27 [notice] 1#1: start worker process 34
2026/01/25 22:01:27 [notice] 1#1: start worker process 35
2026/01/25 22:01:27 [notice] 1#1: start worker process 36
2026/01/25 22:01:27 [notice] 1#1: start worker process 37
2026/01/25 22:01:27 [notice] 1#1: start worker process 38
2026/01/25 22:01:27 [notice] 1#1: start worker process 39
2026/01/25 22:03:12 [notice] 1#1: signal 3 (SIGQUIT) received, shutting down
2026/01/25 22:03:12 [notice] 28#28: gracefully shutting down
2026/01/25 22:03:12 [notice] 29#29: gracefully shutting down
2026/01/25 22:03:12 [notice] 30#30: gracefully shutting down
2026/01/25 22:03:12 [notice] 31#31: gracefully shutting down
2026/01/25 22:03:12 [notice] 32#32: gracefully shutting down
2026/01/25 22:03:12 [notice] 28#28: exiting
2026/01/25 22:03:12 [notice] 34#34: gracefully shutting down
2026/01/25 22:03:12 [notice] 29#29: exiting
2026/01/25 22:03:12 [notice] 35#35: gracefully shutting down
2026/01/25 22:03:12 [notice] 37#37: gracefully shutting down
2026/01/25 22:03:12 [notice] 30#30: exiting
2026/01/25 22:03:12 [notice] 33#33: gracefully shutting down
2026/01/25 22:03:12 [notice] 31#31: exiting
2026/01/25 22:03:12 [notice] 32#32: exiting
2026/01/25 22:03:12 [notice] 34#34: exiting
2026/01/25 22:03:12 [notice] 35#35: exiting
2026/01/25 22:03:12 [notice] 37#37: exiting
2026/01/25 22:03:12 [notice] 33#33: exiting
2026/01/25 22:03:12 [notice] 29#29: exit
2026/01/25 22:03:12 [notice] 28#28: exit
2026/01/25 22:03:12 [notice] 30#30: exit
2026/01/25 22:03:12 [notice] 31#31: exit
2026/01/25 22:03:12 [notice] 32#32: exit
2026/01/25 22:03:12 [notice] 34#34: exit
2026/01/25 22:03:12 [notice] 37#37: exit
2026/01/25 22:03:12 [notice] 33#33: exit
2026/01/25 22:03:12 [notice] 35#35: exit
2026/01/25 22:03:12 [notice] 36#36: gracefully shutting down
2026/01/25 22:03:12 [notice] 36#36: exiting
2026/01/25 22:03:12 [notice] 36#36: exit
2026/01/25 22:03:12 [notice] 38#38: gracefully shutting down
2026/01/25 22:03:12 [notice] 38#38: exiting
2026/01/25 22:03:12 [notice] 39#39: gracefully shutting down
2026/01/25 22:03:12 [notice] 39#39: exiting
2026/01/25 22:03:12 [notice] 38#38: exit
2026/01/25 22:03:12 [notice] 39#39: exit
2026/01/25 22:03:12 [notice] 1#1: signal 17 (SIGCHLD) received from 35
2026/01/25 22:03:12 [notice] 1#1: worker process 35 exited with code 0
2026/01/25 22:03:12 [notice] 1#1: signal 29 (SIGIO) received
2026/01/25 22:03:12 [notice] 1#1: signal 17 (SIGCHLD) received from 31
2026/01/25 22:03:12 [notice] 1#1: worker process 31 exited with code 0
2026/01/25 22:03:12 [notice] 1#1: worker process 29 exited with code 0
2026/01/25 22:03:12 [notice] 1#1: worker process 32 exited with code 0
2026/01/25 22:03:12 [notice] 1#1: worker process 33 exited with code 0
2026/01/25 22:03:12 [notice] 1#1: worker process 39 exited with code 0
2026/01/25 22:03:12 [notice] 1#1: signal 29 (SIGIO) received
2026/01/25 22:03:12 [notice] 1#1: signal 17 (SIGCHLD) received from 29
2026/01/25 22:03:12 [notice] 1#1: signal 17 (SIGCHLD) received from 37
2026/01/25 22:03:12 [notice] 1#1: worker process 37 exited with code 0
2026/01/25 22:03:12 [notice] 1#1: signal 29 (SIGIO) received
2026/01/25 22:03:12 [notice] 1#1: signal 17 (SIGCHLD) received from 28
2026/01/25 22:03:12 [notice] 1#1: worker process 28 exited with code 0
2026/01/25 22:03:12 [notice] 1#1: signal 29 (SIGIO) received
2026/01/25 22:03:12 [notice] 1#1: signal 17 (SIGCHLD) received from 36
2026/01/25 22:03:12 [notice] 1#1: worker process 36 exited with code 0
2026/01/25 22:03:12 [notice] 1#1: signal 29 (SIGIO) received
2026/01/25 22:03:12 [notice] 1#1: signal 17 (SIGCHLD) received from 38
2026/01/25 22:03:12 [notice] 1#1: worker process 38 exited with code 0
2026/01/25 22:03:12 [notice] 1#1: signal 29 (SIGIO) received
2026/01/25 22:03:12 [notice] 1#1: signal 17 (SIGCHLD) received from 30
2026/01/25 22:03:12 [notice] 1#1: worker process 30 exited with code 0
2026/01/25 22:03:12 [notice] 1#1: signal 29 (SIGIO) received
2026/01/25 22:03:12 [notice] 1#1: signal 17 (SIGCHLD) received from 34
2026/01/25 22:03:12 [notice] 1#1: worker process 34 exited with code 0
2026/01/25 22:03:12 [notice] 1#1: exit
2026/01/25 22:03:12 [notice] 1#1: using the "epoll" event method
2026/01/25 22:03:12 [notice] 1#1: nginx/1.29.0
2026/01/25 22:03:12 [notice] 1#1: built by gcc 12.2.0 (Debian 12.2.0-14+deb12u1) 
2026/01/25 22:03:12 [notice] 1#1: OS: Linux 6.8.0-90-generic
2026/01/25 22:03:12 [notice] 1#1: getrlimit(RLIMIT_NOFILE): 1048576:1048576
2026/01/25 22:03:12 [notice] 1#1: start worker processes
2026/01/25 22:03:12 [notice] 1#1: start worker process 28
2026/01/25 22:03:12 [notice] 1#1: start worker process 29
2026/01/25 22:03:12 [notice] 1#1: start worker process 30
2026/01/25 22:03:12 [notice] 1#1: start worker process 31
2026/01/25 22:03:12 [notice] 1#1: start worker process 32
2026/01/25 22:03:12 [notice] 1#1: start worker process 33
2026/01/25 22:03:12 [notice] 1#1: start worker process 34
2026/01/25 22:03:12 [notice] 1#1: start worker process 35
2026/01/25 22:03:12 [notice] 1#1: start worker process 36
2026/01/25 22:03:12 [notice] 1#1: start worker process 37
2026/01/25 22:03:12 [notice] 1#1: start worker process 38
2026/01/25 22:03:12 [notice] 1#1: start worker process 39
2026/01/25 22:09:18 [notice] 1#1: signal 3 (SIGQUIT) received, shutting down
2026/01/25 22:09:18 [notice] 28#28: gracefully shutting down
2026/01/25 22:09:18 [notice] 29#29: gracefully shutting down
2026/01/25 22:09:18 [notice] 30#30: gracefully shutting down
2026/01/25 22:09:18 [notice] 31#31: gracefully shutting down
2026/01/25 22:09:18 [notice] 28#28: exiting
2026/01/25 22:09:18 [notice] 33#33: gracefully shutting down
2026/01/25 22:09:18 [notice] 34#34: gracefully shutting down
2026/01/25 22:09:18 [notice] 29#29: exiting
2026/01/25 22:09:18 [notice] 30#30: exiting
2026/01/25 22:09:18 [notice] 31#31: exiting
2026/01/25 22:09:18 [notice] 38#38: gracefully shutting down
2026/01/25 22:09:18 [notice] 32#32: gracefully shutting down
2026/01/25 22:09:18 [notice] 33#33: exiting
2026/01/25 22:09:18 [notice] 34#34: exiting
2026/01/25 22:09:18 [notice] 38#38: exiting
2026/01/25 22:09:18 [notice] 32#32: exiting
2026/01/25 22:09:18 [notice] 30#30: exit
2026/01/25 22:09:18 [notice] 29#29: exit
2026/01/25 22:09:18 [notice] 28#28: exit
2026/01/25 22:09:18 [notice] 31#31: exit
2026/01/25 22:09:18 [notice] 33#33: exit
2026/01/25 22:09:18 [notice] 38#38: exit
2026/01/25 22:09:18 [notice] 34#34: exit
2026/01/25 22:09:18 [notice] 32#32: exit
2026/01/25 22:09:18 [notice] 35#35: gracefully shutting down
2026/01/25 22:09:18 [notice] 35#35: exiting
2026/01/25 22:09:18 [notice] 35#35: exit
2026/01/25 22:09:18 [notice] 36#36: gracefully shutting down
2026/01/25 22:09:18 [notice] 39#39: gracefully shutting down
2026/01/25 22:09:18 [notice] 36#36: exiting
2026/01/25 22:09:18 [notice] 39#39: exiting
2026/01/25 22:09:18 [notice] 36#36: exit
2026/01/25 22:09:18 [notice] 39#39: exit
2026/01/25 22:09:18 [notice] 37#37: gracefully shutting down
2026/01/25 22:09:18 [notice] 37#37: exiting
2026/01/25 22:09:18 [notice] 37#37: exit
2026/01/25 22:09:18 [notice] 1#1: signal 17 (SIGCHLD) received from 38
2026/01/25 22:09:18 [notice] 1#1: worker process 38 exited with code 0
2026/01/25 22:09:18 [notice] 1#1: signal 29 (SIGIO) received
2026/01/25 22:09:18 [notice] 1#1: signal 17 (SIGCHLD) received from 28
2026/01/25 22:09:18 [notice] 1#1: worker process 28 exited with code 0
2026/01/25 22:09:18 [notice] 1#1: signal 29 (SIGIO) received
2026/01/25 22:09:18 [notice] 1#1: signal 17 (SIGCHLD) received from 34
2026/01/25 22:09:18 [notice] 1#1: worker process 29 exited with code 0
2026/01/25 22:09:18 [notice] 1#1: worker process 30 exited with code 0
2026/01/25 22:09:18 [notice] 1#1: worker process 31 exited with code 0
2026/01/25 22:09:18 [notice] 1#1: worker process 33 exited with code 0
2026/01/25 22:09:18 [notice] 1#1: worker process 34 exited with code 0
2026/01/25 22:09:18 [notice] 1#1: signal 29 (SIGIO) received
2026/01/25 22:09:18 [notice] 1#1: signal 17 (SIGCHLD) received from 29
2026/01/25 22:09:18 [notice] 1#1: signal 17 (SIGCHLD) received from 37
2026/01/25 22:09:18 [notice] 1#1: worker process 32 exited with code 0
2026/01/25 22:09:18 [notice] 1#1: worker process 37 exited with code 0
2026/01/25 22:09:18 [notice] 1#1: signal 29 (SIGIO) received
2026/01/25 22:09:18 [notice] 1#1: signal 17 (SIGCHLD) received from 32
2026/01/25 22:09:18 [notice] 1#1: signal 17 (SIGCHLD) received from 39
2026/01/25 22:09:18 [notice] 1#1: worker process 39 exited with code 0
2026/01/25 22:09:18 [notice] 1#1: signal 29 (SIGIO) received
2026/01/25 22:09:18 [notice] 1#1: signal 17 (SIGCHLD) received from 35
2026/01/25 22:09:18 [notice] 1#1: worker process 35 exited with code 0
2026/01/25 22:09:18 [notice] 1#1: signal 29 (SIGIO) received
2026/01/25 22:09:18 [notice] 1#1: signal 17 (SIGCHLD) received from 36
2026/01/25 22:09:18 [notice] 1#1: worker process 36 exited with code 0
2026/01/25 22:09:18 [notice] 1#1: exit
2026/01/25 22:09:18 [notice] 1#1: using the "epoll" event method
2026/01/25 22:09:18 [notice] 1#1: nginx/1.29.0
2026/01/25 22:09:18 [notice] 1#1: built by gcc 12.2.0 (Debian 12.2.0-14+deb12u1) 
2026/01/25 22:09:18 [notice] 1#1: OS: Linux 6.8.0-90-generic
2026/01/25 22:09:18 [notice] 1#1: getrlimit(RLIMIT_NOFILE): 1048576:1048576
2026/01/25 22:09:18 [notice] 1#1: start worker processes
2026/01/25 22:09:18 [notice] 1#1: start worker process 28
2026/01/25 22:09:18 [notice] 1#1: start worker process 29
2026/01/25 22:09:18 [notice] 1#1: start worker process 30
2026/01/25 22:09:18 [notice] 1#1: start worker process 31
2026/01/25 22:09:18 [notice] 1#1: start worker process 32
2026/01/25 22:09:18 [notice] 1#1: start worker process 33
2026/01/25 22:09:18 [notice] 1#1: start worker process 34
2026/01/25 22:09:18 [notice] 1#1: start worker process 35
2026/01/25 22:09:18 [notice] 1#1: start worker process 36
2026/01/25 22:09:18 [notice] 1#1: start worker process 37
2026/01/25 22:09:18 [notice] 1#1: start worker process 38
2026/01/25 22:09:18 [notice] 1#1: start worker process 39
2026/01/25 22:11:40 [notice] 1#1: signal 3 (SIGQUIT) received, shutting down
2026/01/25 22:11:40 [notice] 28#28: gracefully shutting down
2026/01/25 22:11:40 [notice] 29#29: gracefully shutting down
2026/01/25 22:11:40 [notice] 28#28: exiting
2026/01/25 22:11:40 [notice] 30#30: gracefully shutting down
2026/01/25 22:11:40 [notice] 31#31: gracefully shutting down
2026/01/25 22:11:40 [notice] 33#33: gracefully shutting down
2026/01/25 22:11:40 [notice] 32#32: gracefully shutting down
2026/01/25 22:11:40 [notice] 29#29: exiting
2026/01/25 22:11:40 [notice] 35#35: gracefully shutting down
2026/01/25 22:11:40 [notice] 34#34: gracefully shutting down
2026/01/25 22:11:40 [notice] 30#30: exiting
2026/01/25 22:11:40 [notice] 31#31: exiting
2026/01/25 22:11:40 [notice] 38#38: gracefully shutting down
2026/01/25 22:11:40 [notice] 33#33: exiting
2026/01/25 22:11:40 [notice] 32#32: exiting
2026/01/25 22:11:40 [notice] 35#35: exiting
2026/01/25 22:11:40 [notice] 28#28: exit
2026/01/25 22:11:40 [notice] 34#34: exiting
2026/01/25 22:11:40 [notice] 29#29: exit
2026/01/25 22:11:40 [notice] 38#38: exiting
2026/01/25 22:11:40 [notice] 30#30: exit
2026/01/25 22:11:40 [notice] 31#31: exit
2026/01/25 22:11:40 [notice] 33#33: exit
2026/01/25 22:11:40 [notice] 32#32: exit
2026/01/25 22:11:40 [notice] 35#35: exit
2026/01/25 22:11:40 [notice] 34#34: exit
2026/01/25 22:11:40 [notice] 38#38: exit
2026/01/25 22:11:40 [notice] 39#39: gracefully shutting down
2026/01/25 22:11:40 [notice] 39#39: exiting
2026/01/25 22:11:40 [notice] 39#39: exit
2026/01/25 22:11:40 [notice] 36#36: gracefully shutting down
2026/01/25 22:11:40 [notice] 37#37: gracefully shutting down
2026/01/25 22:11:40 [notice] 36#36: exiting
2026/01/25 22:11:40 [notice] 37#37: exiting
2026/01/25 22:11:40 [notice] 36#36: exit
2026/01/25 22:11:40 [notice] 37#37: exit
2026/01/25 22:11:40 [notice] 1#1: signal 17 (SIGCHLD) received from 28
2026/01/25 22:11:40 [notice] 1#1: worker process 28 exited with code 0
2026/01/25 22:11:40 [notice] 1#1: worker process 38 exited with code 0
2026/01/25 22:11:40 [notice] 1#1: signal 29 (SIGIO) received
2026/01/25 22:11:40 [notice] 1#1: signal 17 (SIGCHLD) received from 34
2026/01/25 22:11:40 [notice] 1#1: worker process 34 exited with code 0
2026/01/25 22:11:40 [notice] 1#1: worker process 37 exited with code 0
2026/01/25 22:11:40 [notice] 1#1: signal 29 (SIGIO) received
2026/01/25 22:11:40 [notice] 1#1: signal 17 (SIGCHLD) received from 37
2026/01/25 22:11:40 [notice] 1#1: signal 17 (SIGCHLD) received from 32
2026/01/25 22:11:40 [notice] 1#1: worker process 32 exited with code 0
2026/01/25 22:11:40 [notice] 1#1: signal 29 (SIGIO) received
2026/01/25 22:11:40 [notice] 1#1: signal 17 (SIGCHLD) received from 33
2026/01/25 22:11:40 [notice] 1#1: worker process 33 exited with code 0
2026/01/25 22:11:40 [notice] 1#1: signal 29 (SIGIO) received
2026/01/25 22:11:40 [notice] 1#1: signal 17 (SIGCHLD) received from 29
2026/01/25 22:11:40 [notice] 1#1: worker process 29 exited with code 0
2026/01/25 22:11:40 [notice] 1#1: signal 29 (SIGIO) received
2026/01/25 22:11:40 [notice] 1#1: signal 17 (SIGCHLD) received from 36
2026/01/25 22:11:40 [notice] 1#1: worker process 35 exited with code 0
2026/01/25 22:11:40 [notice] 1#1: worker process 36 exited with code 0
2026/01/25 22:11:40 [notice] 1#1: signal 29 (SIGIO) received
2026/01/25 22:11:40 [notice] 1#1: signal 17 (SIGCHLD) received from 35
2026/01/25 22:11:40 [notice] 1#1: signal 17 (SIGCHLD) received from 31
2026/01/25 22:11:40 [notice] 1#1: worker process 31 exited with code 0
2026/01/25 22:11:40 [notice] 1#1: signal 29 (SIGIO) received
2026/01/25 22:11:40 [notice] 1#1: signal 17 (SIGCHLD) received from 30
2026/01/25 22:11:40 [notice] 1#1: worker process 30 exited with code 0
2026/01/25 22:11:40 [notice] 1#1: signal 29 (SIGIO) received
2026/01/25 22:11:40 [notice] 1#1: signal 17 (SIGCHLD) received from 39
2026/01/25 22:11:40 [notice] 1#1: worker process 39 exited with code 0
2026/01/25 22:11:40 [notice] 1#1: exit
2026/01/25 22:11:40 [notice] 1#1: using the "epoll" event method
2026/01/25 22:11:40 [notice] 1#1: nginx/1.29.0
2026/01/25 22:11:40 [notice] 1#1: built by gcc 12.2.0 (Debian 12.2.0-14+deb12u1) 
2026/01/25 22:11:40 [notice] 1#1: OS: Linux 6.8.0-90-generic
2026/01/25 22:11:40 [notice] 1#1: getrlimit(RLIMIT_NOFILE): 1048576:1048576
2026/01/25 22:11:40 [notice] 1#1: start worker processes
2026/01/25 22:11:40 [notice] 1#1: start worker process 28
2026/01/25 22:11:40 [notice] 1#1: start worker process 29
2026/01/25 22:11:40 [notice] 1#1: start worker process 30
2026/01/25 22:11:40 [notice] 1#1: start worker process 31
2026/01/25 22:11:40 [notice] 1#1: start worker process 32
2026/01/25 22:11:40 [notice] 1#1: start worker process 33
2026/01/25 22:11:40 [notice] 1#1: start worker process 34
2026/01/25 22:11:40 [notice] 1#1: start worker process 35
2026/01/25 22:11:40 [notice] 1#1: start worker process 36
2026/01/25 22:11:40 [notice] 1#1: start worker process 37
2026/01/25 22:11:40 [notice] 1#1: start worker process 38
2026/01/25 22:11:40 [notice] 1#1: start worker process 39
2026/01/25 22:13:59 [notice] 1#1: signal 3 (SIGQUIT) received, shutting down
2026/01/25 22:13:59 [notice] 30#30: gracefully shutting down
2026/01/25 22:13:59 [notice] 32#32: gracefully shutting down
2026/01/25 22:13:59 [notice] 30#30: exiting
2026/01/25 22:13:59 [notice] 36#36: gracefully shutting down
2026/01/25 22:13:59 [notice] 28#28: gracefully shutting down
2026/01/25 22:13:59 [notice] 32#32: exiting
2026/01/25 22:13:59 [notice] 36#36: exiting
2026/01/25 22:13:59 [notice] 36#36: exit
2026/01/25 22:13:59 [notice] 28#28: exiting
2026/01/25 22:13:59 [notice] 32#32: exit
2026/01/25 22:13:59 [notice] 28#28: exit
2026/01/25 22:13:59 [notice] 35#35: gracefully shutting down
2026/01/25 22:13:59 [notice] 33#33: gracefully shutting down
2026/01/25 22:13:59 [notice] 35#35: exiting
2026/01/25 22:13:59 [notice] 33#33: exiting
2026/01/25 22:13:59 [notice] 35#35: exit
2026/01/25 22:13:59 [notice] 33#33: exit
2026/01/25 22:13:59 [notice] 31#31: gracefully shutting down
2026/01/25 22:13:59 [notice] 31#31: exiting
2026/01/25 22:13:59 [notice] 31#31: exit
2026/01/25 22:13:59 [notice] 29#29: gracefully shutting down
2026/01/25 22:13:59 [notice] 29#29: exiting
2026/01/25 22:13:59 [notice] 29#29: exit
2026/01/25 22:13:59 [notice] 34#34: gracefully shutting down
2026/01/25 22:13:59 [notice] 34#34: exiting
2026/01/25 22:13:59 [notice] 34#34: exit
2026/01/25 22:13:59 [notice] 37#37: gracefully shutting down
2026/01/25 22:13:59 [notice] 37#37: exiting
2026/01/25 22:13:59 [notice] 37#37: exit
2026/01/25 22:13:59 [notice] 30#30: exit
2026/01/25 22:13:59 [notice] 38#38: gracefully shutting down
2026/01/25 22:13:59 [notice] 38#38: exiting
2026/01/25 22:13:59 [notice] 38#38: exit
2026/01/25 22:13:59 [notice] 39#39: gracefully shutting down
2026/01/25 22:13:59 [notice] 39#39: exiting
2026/01/25 22:13:59 [notice] 39#39: exit
2026/01/25 22:13:59 [notice] 1#1: signal 17 (SIGCHLD) received from 34
2026/01/25 22:13:59 [notice] 1#1: worker process 29 exited with code 0
2026/01/25 22:13:59 [notice] 1#1: worker process 31 exited with code 0
2026/01/25 22:13:59 [notice] 1#1: worker process 32 exited with code 0
2026/01/25 22:13:59 [notice] 1#1: worker process 33 exited with code 0
2026/01/25 22:13:59 [notice] 1#1: worker process 34 exited with code 0
2026/01/25 22:13:59 [notice] 1#1: worker process 38 exited with code 0
2026/01/25 22:13:59 [notice] 1#1: signal 29 (SIGIO) received
2026/01/25 22:13:59 [notice] 1#1: signal 17 (SIGCHLD) received from 38
2026/01/25 22:13:59 [notice] 1#1: signal 17 (SIGCHLD) received from 36
2026/01/25 22:13:59 [notice] 1#1: worker process 36 exited with code 0
2026/01/25 22:13:59 [notice] 1#1: signal 29 (SIGIO) received
2026/01/25 22:13:59 [notice] 1#1: signal 17 (SIGCHLD) received from 37
2026/01/25 22:13:59 [notice] 1#1: worker process 28 exited with code 0
2026/01/25 22:13:59 [notice] 1#1: worker process 37 exited with code 0
2026/01/25 22:13:59 [notice] 1#1: worker process 39 exited with code 0
2026/01/25 22:13:59 [notice] 1#1: signal 29 (SIGIO) received
2026/01/25 22:13:59 [notice] 1#1: signal 17 (SIGCHLD) received from 30
2026/01/25 22:13:59 [notice] 1#1: worker process 30 exited with code 0
2026/01/25 22:13:59 [notice] 1#1: worker process 35 exited with code 0
2026/01/25 22:13:59 [notice] 1#1: exit
2026/01/26 12:48:49 [notice] 1#1: using the "epoll" event method
2026/01/26 12:48:49 [notice] 1#1: nginx/1.29.0
2026/01/26 12:48:49 [notice] 1#1: built by gcc 12.2.0 (Debian 12.2.0-14+deb12u1) 
2026/01/26 12:48:49 [notice] 1#1: OS: Linux 6.8.0-90-generic
2026/01/26 12:48:49 [notice] 1#1: getrlimit(RLIMIT_NOFILE): 1048576:1048576
2026/01/26 12:48:49 [notice] 1#1: start worker processes
2026/01/26 12:48:49 [notice] 1#1: start worker process 28
2026/01/26 12:48:49 [notice] 1#1: start worker process 29
2026/01/26 12:48:49 [notice] 1#1: start worker process 30
2026/01/26 12:48:49 [notice] 1#1: start worker process 31
2026/01/26 12:48:49 [notice] 1#1: start worker process 32
2026/01/26 12:48:49 [notice] 1#1: start worker process 33
2026/01/26 12:48:49 [notice] 1#1: start worker process 34
2026/01/26 12:48:49 [notice] 1#1: start worker process 35
2026/01/26 12:48:49 [notice] 1#1: start worker process 36
2026/01/26 12:48:49 [notice] 1#1: start worker process 37
2026/01/26 12:48:49 [notice] 1#1: start worker process 38
2026/01/26 12:48:49 [notice] 1#1: start worker process 39
2026/01/26 14:25:39 [notice] 1#1: signal 3 (SIGQUIT) received, shutting down
2026/01/26 14:25:39 [notice] 28#28: gracefully shutting down
2026/01/26 14:25:39 [notice] 29#29: gracefully shutting down
2026/01/26 14:25:39 [notice] 31#31: gracefully shutting down
2026/01/26 14:25:39 [notice] 33#33: gracefully shutting down
2026/01/26 14:25:39 [notice] 32#32: gracefully shutting down
2026/01/26 14:25:39 [notice] 36#36: gracefully shutting down
2026/01/26 14:25:39 [notice] 38#38: gracefully shutting down
2026/01/26 14:25:39 [notice] 37#37: gracefully shutting down
2026/01/26 14:25:39 [notice] 35#35: gracefully shutting down
2026/01/26 14:25:39 [notice] 36#36: exiting
2026/01/26 14:25:39 [notice] 37#37: exiting
2026/01/26 14:25:39 [notice] 30#30: gracefully shutting down
2026/01/26 14:25:39 [notice] 38#38: exiting
2026/01/26 14:25:39 [notice] 35#35: exiting
2026/01/26 14:25:39 [notice] 36#36: exit
2026/01/26 14:25:39 [notice] 37#37: exit
2026/01/26 14:25:39 [notice] 34#34: gracefully shutting down
2026/01/26 14:25:39 [notice] 38#38: exit
2026/01/26 14:25:39 [notice] 39#39: gracefully shutting down
2026/01/26 14:25:39 [notice] 39#39: exiting
2026/01/26 14:25:39 [notice] 39#39: exit
2026/01/26 14:25:39 [notice] 35#35: exit
2026/01/26 14:25:39 [notice] 33#33: exiting
2026/01/26 14:25:39 [notice] 29#29: exiting
2026/01/26 14:25:39 [notice] 33#33: exit
2026/01/26 14:25:39 [notice] 31#31: exiting
2026/01/26 14:25:39 [notice] 34#34: exiting
2026/01/26 14:25:39 [notice] 28#28: exiting
2026/01/26 14:25:39 [notice] 32#32: exiting
2026/01/26 14:25:39 [notice] 29#29: exit
2026/01/26 14:25:39 [notice] 31#31: exit
2026/01/26 14:25:39 [notice] 28#28: exit
2026/01/26 14:25:39 [notice] 30#30: exiting
2026/01/26 14:25:39 [notice] 34#34: exit
2026/01/26 14:25:39 [notice] 32#32: exit
2026/01/26 14:25:39 [notice] 30#30: exit
2026/01/26 14:25:39 [notice] 1#1: signal 17 (SIGCHLD) received from 29
2026/01/26 14:25:39 [notice] 1#1: worker process 29 exited with code 0
2026/01/26 14:25:39 [notice] 1#1: signal 29 (SIGIO) received
2026/01/26 14:25:39 [notice] 1#1: signal 17 (SIGCHLD) received from 37
2026/01/26 14:25:39 [notice] 1#1: worker process 37 exited with code 0
2026/01/26 14:25:39 [notice] 1#1: signal 29 (SIGIO) received
2026/01/26 14:25:39 [notice] 1#1: signal 17 (SIGCHLD) received from 35
2026/01/26 14:25:39 [notice] 1#1: worker process 35 exited with code 0
2026/01/26 14:25:39 [notice] 1#1: signal 29 (SIGIO) received
2026/01/26 14:25:39 [notice] 1#1: signal 17 (SIGCHLD) received from 32
2026/01/26 14:25:39 [notice] 1#1: worker process 31 exited with code 0
2026/01/26 14:25:39 [notice] 1#1: worker process 28 exited with code 0
2026/01/26 14:25:39 [notice] 1#1: worker process 30 exited with code 0
2026/01/26 14:25:39 [notice] 1#1: worker process 32 exited with code 0
2026/01/26 14:25:39 [notice] 1#1: signal 29 (SIGIO) received
2026/01/26 14:25:39 [notice] 1#1: signal 17 (SIGCHLD) received from 31
2026/01/26 14:25:39 [notice] 1#1: signal 17 (SIGCHLD) received from 36
2026/01/26 14:25:39 [notice] 1#1: worker process 36 exited with code 0
2026/01/26 14:25:39 [notice] 1#1: signal 29 (SIGIO) received
2026/01/26 14:25:39 [notice] 1#1: signal 17 (SIGCHLD) received from 38
2026/01/26 14:25:39 [notice] 1#1: worker process 33 exited with code 0
2026/01/26 14:25:39 [notice] 1#1: worker process 38 exited with code 0
2026/01/26 14:25:39 [notice] 1#1: worker process 39 exited with code 0
2026/01/26 14:25:39 [notice] 1#1: signal 29 (SIGIO) received
2026/01/26 14:25:39 [notice] 1#1: signal 17 (SIGCHLD) received from 33
2026/01/26 14:25:39 [notice] 1#1: signal 17 (SIGCHLD) received from 34
2026/01/26 14:25:39 [notice] 1#1: worker process 34 exited with code 0
2026/01/26 14:25:39 [notice] 1#1: exit
2026/01/26 14:25:40 [notice] 1#1: using the "epoll" event method
2026/01/26 14:25:40 [notice] 1#1: nginx/1.29.0
2026/01/26 14:25:40 [notice] 1#1: built by gcc 12.2.0 (Debian 12.2.0-14+deb12u1) 
2026/01/26 14:25:40 [notice] 1#1: OS: Linux 6.8.0-90-generic
2026/01/26 14:25:40 [notice] 1#1: getrlimit(RLIMIT_NOFILE): 1048576:1048576
2026/01/26 14:25:40 [notice] 1#1: start worker processes
2026/01/26 14:25:40 [notice] 1#1: start worker process 28
2026/01/26 14:25:40 [notice] 1#1: start worker process 29
2026/01/26 14:25:40 [notice] 1#1: start worker process 30
2026/01/26 14:25:40 [notice] 1#1: start worker process 31
2026/01/26 14:25:40 [notice] 1#1: start worker process 32
2026/01/26 14:25:40 [notice] 1#1: start worker process 33
2026/01/26 14:25:40 [notice] 1#1: start worker process 34
2026/01/26 14:25:40 [notice] 1#1: start worker process 35
2026/01/26 14:25:40 [notice] 1#1: start worker process 36
2026/01/26 14:25:40 [notice] 1#1: start worker process 37
2026/01/26 14:25:40 [notice] 1#1: start worker process 38
2026/01/26 14:25:40 [notice] 1#1: start worker process 39
2026/01/26 14:43:15 [notice] 1#1: signal 3 (SIGQUIT) received, shutting down
2026/01/26 14:43:15 [notice] 28#28: gracefully shutting down
2026/01/26 14:43:15 [notice] 29#29: gracefully shutting down
2026/01/26 14:43:15 [notice] 30#30: gracefully shutting down
2026/01/26 14:43:15 [notice] 31#31: gracefully shutting down
2026/01/26 14:43:15 [notice] 28#28: exiting
2026/01/26 14:43:15 [notice] 32#32: gracefully shutting down
2026/01/26 14:43:15 [notice] 33#33: gracefully shutting down
2026/01/26 14:43:15 [notice] 34#34: gracefully shutting down
2026/01/26 14:43:15 [notice] 29#29: exiting
2026/01/26 14:43:15 [notice] 30#30: exiting
2026/01/26 14:43:15 [notice] 31#31: exiting
2026/01/26 14:43:15 [notice] 33#33: exiting
2026/01/26 14:43:15 [notice] 35#35: gracefully shutting down
2026/01/26 14:43:15 [notice] 32#32: exiting
2026/01/26 14:43:15 [notice] 39#39: gracefully shutting down
2026/01/26 14:43:15 [notice] 34#34: exiting
2026/01/26 14:43:15 [notice] 28#28: exit
2026/01/26 14:43:15 [notice] 29#29: exit
2026/01/26 14:43:15 [notice] 35#35: exiting
2026/01/26 14:43:15 [notice] 31#31: exit
2026/01/26 14:43:15 [notice] 33#33: exit
2026/01/26 14:43:15 [notice] 39#39: exiting
2026/01/26 14:43:15 [notice] 30#30: exit
2026/01/26 14:43:15 [notice] 32#32: exit
2026/01/26 14:43:15 [notice] 34#34: exit
2026/01/26 14:43:15 [notice] 39#39: exit
2026/01/26 14:43:15 [notice] 35#35: exit
2026/01/26 14:43:15 [notice] 38#38: gracefully shutting down
2026/01/26 14:43:15 [notice] 38#38: exiting
2026/01/26 14:43:15 [notice] 38#38: exit
2026/01/26 14:43:15 [notice] 37#37: gracefully shutting down
2026/01/26 14:43:15 [notice] 37#37: exiting
2026/01/26 14:43:15 [notice] 37#37: exit
2026/01/26 14:43:15 [notice] 36#36: gracefully shutting down
2026/01/26 14:43:15 [notice] 36#36: exiting
2026/01/26 14:43:15 [notice] 36#36: exit
2026/01/26 14:43:15 [notice] 1#1: signal 17 (SIGCHLD) received from 31
2026/01/26 14:43:15 [notice] 1#1: worker process 31 exited with code 0
2026/01/26 14:43:15 [notice] 1#1: worker process 32 exited with code 0
2026/01/26 14:43:15 [notice] 1#1: worker process 33 exited with code 0
2026/01/26 14:43:15 [notice] 1#1: signal 29 (SIGIO) received
2026/01/26 14:43:15 [notice] 1#1: signal 17 (SIGCHLD) received from 33
2026/01/26 14:43:15 [notice] 1#1: worker process 29 exited with code 0
2026/01/26 14:43:15 [notice] 1#1: worker process 37 exited with code 0
2026/01/26 14:43:15 [notice] 1#1: worker process 36 exited with code 0
2026/01/26 14:43:15 [notice] 1#1: signal 29 (SIGIO) received
2026/01/26 14:43:15 [notice] 1#1: signal 17 (SIGCHLD) received from 37
2026/01/26 14:43:15 [notice] 1#1: signal 17 (SIGCHLD) received from 30
2026/01/26 14:43:15 [notice] 1#1: worker process 30 exited with code 0
2026/01/26 14:43:15 [notice] 1#1: signal 29 (SIGIO) received
2026/01/26 14:43:15 [notice] 1#1: signal 17 (SIGCHLD) received from 39
2026/01/26 14:43:15 [notice] 1#1: worker process 28 exited with code 0
2026/01/26 14:43:15 [notice] 1#1: worker process 39 exited with code 0
2026/01/26 14:43:15 [notice] 1#1: signal 29 (SIGIO) received
2026/01/26 14:43:15 [notice] 1#1: signal 17 (SIGCHLD) received from 38
2026/01/26 14:43:15 [notice] 1#1: worker process 34 exited with code 0
2026/01/26 14:43:15 [notice] 1#1: worker process 38 exited with code 0
2026/01/26 14:43:15 [notice] 1#1: signal 29 (SIGIO) received
2026/01/26 14:43:15 [notice] 1#1: signal 17 (SIGCHLD) received from 35
2026/01/26 14:43:15 [notice] 1#1: worker process 35 exited with code 0
2026/01/26 14:43:15 [notice] 1#1: exit
2026/01/26 14:43:15 [notice] 1#1: using the "epoll" event method
2026/01/26 14:43:15 [notice] 1#1: nginx/1.29.0
2026/01/26 14:43:15 [notice] 1#1: built by gcc 12.2.0 (Debian 12.2.0-14+deb12u1) 
2026/01/26 14:43:15 [notice] 1#1: OS: Linux 6.8.0-90-generic
2026/01/26 14:43:15 [notice] 1#1: getrlimit(RLIMIT_NOFILE): 1048576:1048576
2026/01/26 14:43:15 [notice] 1#1: start worker processes
2026/01/26 14:43:15 [notice] 1#1: start worker process 28
2026/01/26 14:43:15 [notice] 1#1: start worker process 29
2026/01/26 14:43:15 [notice] 1#1: start worker process 30
2026/01/26 14:43:15 [notice] 1#1: start worker process 31
2026/01/26 14:43:15 [notice] 1#1: start worker process 32
2026/01/26 14:43:15 [notice] 1#1: start worker process 33
2026/01/26 14:43:15 [notice] 1#1: start worker process 34
2026/01/26 14:43:15 [notice] 1#1: start worker process 35
2026/01/26 14:43:15 [notice] 1#1: start worker process 36
2026/01/26 14:43:15 [notice] 1#1: start worker process 37
2026/01/26 14:43:15 [notice] 1#1: start worker process 38
2026/01/26 14:43:15 [notice] 1#1: start worker process 39
2026/01/26 21:53:37 [notice] 1#1: signal 3 (SIGQUIT) received, shutting down
2026/01/26 21:53:37 [notice] 37#37: gracefully shutting down
2026/01/26 21:53:37 [notice] 32#32: gracefully shutting down
2026/01/26 21:53:37 [notice] 36#36: gracefully shutting down
2026/01/26 21:53:37 [notice] 39#39: gracefully shutting down
2026/01/26 21:53:37 [notice] 29#29: gracefully shutting down
2026/01/26 21:53:37 [notice] 31#31: gracefully shutting down
2026/01/26 21:53:37 [notice] 38#38: gracefully shutting down
2026/01/26 21:53:37 [notice] 34#34: gracefully shutting down
2026/01/26 21:53:37 [notice] 28#28: gracefully shutting down
2026/01/26 21:53:37 [notice] 35#35: gracefully shutting down
2026/01/26 21:53:37 [notice] 30#30: gracefully shutting down
2026/01/26 21:53:37 [notice] 33#33: gracefully shutting down
2026/01/26 21:53:37 [notice] 36#36: exiting
2026/01/26 21:53:37 [notice] 32#32: exiting
2026/01/26 21:53:37 [notice] 37#37: exiting
2026/01/26 21:53:37 [notice] 31#31: exiting
2026/01/26 21:53:37 [notice] 39#39: exiting
2026/01/26 21:53:37 [notice] 38#38: exiting
2026/01/26 21:53:37 [notice] 35#35: exiting
2026/01/26 21:53:37 [notice] 28#28: exiting
2026/01/26 21:53:37 [notice] 29#29: exiting
2026/01/26 21:53:37 [notice] 33#33: exiting
2026/01/26 21:53:37 [notice] 34#34: exiting
2026/01/26 21:53:37 [notice] 30#30: exiting
2026/01/26 21:53:37 [notice] 38#38: exit
2026/01/26 21:53:37 [notice] 32#32: exit
2026/01/26 21:53:37 [notice] 30#30: exit
2026/01/26 21:53:37 [notice] 37#37: exit
2026/01/26 21:53:37 [notice] 33#33: exit
2026/01/26 21:53:37 [notice] 34#34: exit
2026/01/26 21:53:37 [notice] 39#39: exit
2026/01/26 21:53:37 [notice] 35#35: exit
2026/01/26 21:53:37 [notice] 36#36: exit
2026/01/26 21:53:37 [notice] 28#28: exit
2026/01/26 21:53:37 [notice] 29#29: exit
2026/01/26 21:53:37 [notice] 31#31: exit
2026/01/26 21:53:37 [notice] 1#1: signal 17 (SIGCHLD) received from 28
2026/01/26 21:53:37 [notice] 1#1: worker process 28 exited with code 0
2026/01/26 21:53:37 [notice] 1#1: worker process 32 exited with code 0
2026/01/26 21:53:37 [notice] 1#1: signal 29 (SIGIO) received
2026/01/26 21:53:37 [notice] 1#1: signal 17 (SIGCHLD) received from 32
2026/01/26 21:53:37 [notice] 1#1: signal 17 (SIGCHLD) received from 38
2026/01/26 21:53:37 [notice] 1#1: worker process 38 exited with code 0
2026/01/26 21:53:37 [notice] 1#1: signal 29 (SIGIO) received
2026/01/26 21:53:37 [notice] 1#1: signal 17 (SIGCHLD) received from 39
2026/01/26 21:53:37 [notice] 1#1: worker process 39 exited with code 0
2026/01/26 21:53:37 [notice] 1#1: signal 29 (SIGIO) received
2026/01/26 21:53:37 [notice] 1#1: signal 17 (SIGCHLD) received from 30
2026/01/26 21:53:37 [notice] 1#1: worker process 30 exited with code 0
2026/01/26 21:53:37 [notice] 1#1: signal 29 (SIGIO) received
2026/01/26 21:53:37 [notice] 1#1: signal 17 (SIGCHLD) received from 37
2026/01/26 21:53:37 [notice] 1#1: worker process 37 exited with code 0
2026/01/26 21:53:37 [notice] 1#1: signal 29 (SIGIO) received
2026/01/26 21:53:37 [notice] 1#1: signal 17 (SIGCHLD) received from 35
2026/01/26 21:53:37 [notice] 1#1: worker process 35 exited with code 0
2026/01/26 21:53:37 [notice] 1#1: worker process 36 exited with code 0
2026/01/26 21:53:37 [notice] 1#1: signal 29 (SIGIO) received
2026/01/26 21:53:37 [notice] 1#1: signal 17 (SIGCHLD) received from 31
2026/01/26 21:53:37 [notice] 1#1: worker process 31 exited with code 0
2026/01/26 21:53:37 [notice] 1#1: signal 29 (SIGIO) received
2026/01/26 21:53:37 [notice] 1#1: signal 17 (SIGCHLD) received from 33
2026/01/26 21:53:37 [notice] 1#1: worker process 29 exited with code 0
2026/01/26 21:53:37 [notice] 1#1: worker process 33 exited with code 0
2026/01/26 21:53:37 [notice] 1#1: signal 29 (SIGIO) received
2026/01/26 21:53:37 [notice] 1#1: signal 17 (SIGCHLD) received from 34
2026/01/26 21:53:37 [notice] 1#1: worker process 34 exited with code 0
2026/01/26 21:53:37 [notice] 1#1: exit
2026/01/27 16:37:06 [notice] 1#1: using the "epoll" event method
2026/01/27 16:37:06 [notice] 1#1: nginx/1.29.0
2026/01/27 16:37:06 [notice] 1#1: built by gcc 12.2.0 (Debian 12.2.0-14+deb12u1) 
2026/01/27 16:37:06 [notice] 1#1: OS: Linux 6.8.0-90-generic
2026/01/27 16:37:06 [notice] 1#1: getrlimit(RLIMIT_NOFILE): 1048576:1048576
2026/01/27 16:37:06 [notice] 1#1: start worker processes
2026/01/27 16:37:06 [notice] 1#1: start worker process 28
2026/01/27 16:37:06 [notice] 1#1: start worker process 29
2026/01/27 16:37:06 [notice] 1#1: start worker process 30
2026/01/27 16:37:06 [notice] 1#1: start worker process 31
2026/01/27 16:37:06 [notice] 1#1: start worker process 32
2026/01/27 16:37:06 [notice] 1#1: start worker process 33
2026/01/27 16:37:06 [notice] 1#1: start worker process 34
2026/01/27 16:37:06 [notice] 1#1: start worker process 35
2026/01/27 16:37:06 [notice] 1#1: start worker process 36
2026/01/27 16:37:06 [notice] 1#1: start worker process 37
2026/01/27 16:37:06 [notice] 1#1: start worker process 38
2026/01/27 16:37:06 [notice] 1#1: start worker process 39
2026/01/28 00:39:41 [notice] 1#1: signal 3 (SIGQUIT) received, shutting down
2026/01/28 00:39:41 [notice] 33#33: gracefully shutting down
2026/01/28 00:39:41 [notice] 34#34: gracefully shutting down
2026/01/28 00:39:41 [notice] 35#35: gracefully shutting down
2026/01/28 00:39:41 [notice] 31#31: gracefully shutting down
2026/01/28 00:39:41 [notice] 30#30: gracefully shutting down
2026/01/28 00:39:41 [notice] 28#28: gracefully shutting down
2026/01/28 00:39:41 [notice] 32#32: gracefully shutting down
2026/01/28 00:39:41 [notice] 34#34: exiting
2026/01/28 00:39:41 [notice] 35#35: exiting
2026/01/28 00:39:41 [notice] 33#33: exiting
2026/01/28 00:39:41 [notice] 29#29: gracefully shutting down
2026/01/28 00:39:41 [notice] 31#31: exiting
2026/01/28 00:39:41 [notice] 36#36: gracefully shutting down
2026/01/28 00:39:41 [notice] 39#39: gracefully shutting down
2026/01/28 00:39:41 [notice] 38#38: gracefully shutting down
2026/01/28 00:39:41 [notice] 37#37: gracefully shutting down
2026/01/28 00:39:41 [notice] 30#30: exiting
2026/01/28 00:39:41 [notice] 32#32: exiting
2026/01/28 00:39:41 [notice] 28#28: exiting
2026/01/28 00:39:41 [notice] 31#31: exit
2026/01/28 00:39:41 [notice] 35#35: exit
2026/01/28 00:39:41 [notice] 34#34: exit
2026/01/28 00:39:41 [notice] 33#33: exit
2026/01/28 00:39:41 [notice] 32#32: exit
2026/01/28 00:39:41 [notice] 29#29: exiting
2026/01/28 00:39:41 [notice] 30#30: exit
2026/01/28 00:39:41 [notice] 37#37: exiting
2026/01/28 00:39:41 [notice] 38#38: exiting
2026/01/28 00:39:41 [notice] 36#36: exiting
2026/01/28 00:39:41 [notice] 28#28: exit
2026/01/28 00:39:41 [notice] 39#39: exiting
2026/01/28 00:39:41 [notice] 29#29: exit
2026/01/28 00:39:41 [notice] 37#37: exit
2026/01/28 00:39:41 [notice] 36#36: exit
2026/01/28 00:39:41 [notice] 38#38: exit
2026/01/28 00:39:41 [notice] 39#39: exit
2026/01/28 00:39:41 [notice] 1#1: signal 17 (SIGCHLD) received from 39
2026/01/28 00:39:41 [notice] 1#1: worker process 30 exited with code 0
2026/01/28 00:39:41 [notice] 1#1: worker process 33 exited with code 0
2026/01/28 00:39:41 [notice] 1#1: worker process 35 exited with code 0
2026/01/28 00:39:41 [notice] 1#1: worker process 37 exited with code 0
2026/01/28 00:39:41 [notice] 1#1: worker process 38 exited with code 0
2026/01/28 00:39:41 [notice] 1#1: worker process 39 exited with code 0
2026/01/28 00:39:41 [notice] 1#1: signal 29 (SIGIO) received
2026/01/28 00:39:41 [notice] 1#1: signal 17 (SIGCHLD) received from 31
2026/01/28 00:39:41 [notice] 1#1: worker process 31 exited with code 0
2026/01/28 00:39:41 [notice] 1#1: signal 29 (SIGIO) received
2026/01/28 00:39:41 [notice] 1#1: signal 17 (SIGCHLD) received from 32
2026/01/28 00:39:41 [notice] 1#1: worker process 29 exited with code 0
2026/01/28 00:39:41 [notice] 1#1: worker process 32 exited with code 0
2026/01/28 00:39:41 [notice] 1#1: worker process 36 exited with code 0
2026/01/28 00:39:41 [notice] 1#1: signal 29 (SIGIO) received
2026/01/28 00:39:41 [notice] 1#1: signal 17 (SIGCHLD) received from 29
2026/01/28 00:39:41 [notice] 1#1: worker process 28 exited with code 0
2026/01/28 00:39:41 [notice] 1#1: signal 29 (SIGIO) received
2026/01/28 00:39:41 [notice] 1#1: signal 17 (SIGCHLD) received from 34
2026/01/28 00:39:41 [notice] 1#1: worker process 34 exited with code 0
2026/01/28 00:39:41 [notice] 1#1: exit
2026/01/28 22:02:52 [notice] 1#1: using the "epoll" event method
2026/01/28 22:02:52 [notice] 1#1: nginx/1.29.0
2026/01/28 22:02:52 [notice] 1#1: built by gcc 12.2.0 (Debian 12.2.0-14+deb12u1) 
2026/01/28 22:02:52 [notice] 1#1: OS: Linux 6.8.0-90-generic
2026/01/28 22:02:52 [notice] 1#1: getrlimit(RLIMIT_NOFILE): 1048576:1048576
2026/01/28 22:02:52 [notice] 1#1: start worker processes
2026/01/28 22:02:52 [notice] 1#1: start worker process 28
2026/01/28 22:02:52 [notice] 1#1: start worker process 29
2026/01/28 22:02:52 [notice] 1#1: start worker process 30
2026/01/28 22:02:52 [notice] 1#1: start worker process 31
2026/01/28 22:02:52 [notice] 1#1: start worker process 32
2026/01/28 22:02:52 [notice] 1#1: start worker process 33
2026/01/28 22:02:52 [notice] 1#1: start worker process 34
2026/01/28 22:02:52 [notice] 1#1: start worker process 35
2026/01/28 22:02:52 [notice] 1#1: start worker process 36
2026/01/28 22:02:52 [notice] 1#1: start worker process 37
2026/01/28 22:02:52 [notice] 1#1: start worker process 38
2026/01/28 22:02:52 [notice] 1#1: start worker process 39
2026/01/28 22:52:07 [notice] 1#1: signal 3 (SIGQUIT) received, shutting down
2026/01/28 22:52:07 [notice] 28#28: gracefully shutting down
2026/01/28 22:52:07 [notice] 29#29: gracefully shutting down
2026/01/28 22:52:07 [notice] 30#30: gracefully shutting down
2026/01/28 22:52:07 [notice] 32#32: gracefully shutting down
2026/01/28 22:52:07 [notice] 31#31: gracefully shutting down
2026/01/28 22:52:07 [notice] 34#34: gracefully shutting down
2026/01/28 22:52:07 [notice] 28#28: exiting
2026/01/28 22:52:07 [notice] 29#29: exiting
2026/01/28 22:52:07 [notice] 30#30: exiting
2026/01/28 22:52:07 [notice] 32#32: exiting
2026/01/28 22:52:07 [notice] 35#35: gracefully shutting down
2026/01/28 22:52:07 [notice] 33#33: gracefully shutting down
2026/01/28 22:52:07 [notice] 31#31: exiting
2026/01/28 22:52:07 [notice] 34#34: exiting
2026/01/28 22:52:07 [notice] 35#35: exiting
2026/01/28 22:52:07 [notice] 29#29: exit
2026/01/28 22:52:07 [notice] 33#33: exiting
2026/01/28 22:52:07 [notice] 30#30: exit
2026/01/28 22:52:07 [notice] 28#28: exit
2026/01/28 22:52:07 [notice] 32#32: exit
2026/01/28 22:52:07 [notice] 31#31: exit
2026/01/28 22:52:07 [notice] 34#34: exit
2026/01/28 22:52:07 [notice] 35#35: exit
2026/01/28 22:52:07 [notice] 33#33: exit
2026/01/28 22:52:07 [notice] 37#37: gracefully shutting down
2026/01/28 22:52:07 [notice] 37#37: exiting
2026/01/28 22:52:07 [notice] 37#37: exit
2026/01/28 22:52:07 [notice] 36#36: gracefully shutting down
2026/01/28 22:52:07 [notice] 36#36: exiting
2026/01/28 22:52:07 [notice] 36#36: exit
2026/01/28 22:52:07 [notice] 38#38: gracefully shutting down
2026/01/28 22:52:07 [notice] 38#38: exiting
2026/01/28 22:52:07 [notice] 39#39: gracefully shutting down
2026/01/28 22:52:07 [notice] 38#38: exit
2026/01/28 22:52:07 [notice] 39#39: exiting
2026/01/28 22:52:07 [notice] 39#39: exit
2026/01/28 22:52:07 [notice] 1#1: signal 17 (SIGCHLD) received from 38
2026/01/28 22:52:07 [notice] 1#1: worker process 31 exited with code 0
2026/01/28 22:52:07 [notice] 1#1: worker process 38 exited with code 0
2026/01/28 22:52:07 [notice] 1#1: signal 29 (SIGIO) received
2026/01/28 22:52:07 [notice] 1#1: signal 17 (SIGCHLD) received from 39
2026/01/28 22:52:07 [notice] 1#1: worker process 39 exited with code 0
2026/01/28 22:52:07 [notice] 1#1: worker process 29 exited with code 0
2026/01/28 22:52:07 [notice] 1#1: worker process 33 exited with code 0
2026/01/28 22:52:07 [notice] 1#1: worker process 37 exited with code 0
2026/01/28 22:52:07 [notice] 1#1: signal 29 (SIGIO) received
2026/01/28 22:52:07 [notice] 1#1: signal 17 (SIGCHLD) received from 29
2026/01/28 22:52:07 [notice] 1#1: signal 17 (SIGCHLD) received from 32
2026/01/28 22:52:07 [notice] 1#1: worker process 32 exited with code 0
2026/01/28 22:52:07 [notice] 1#1: worker process 35 exited with code 0
2026/01/28 22:52:07 [notice] 1#1: signal 29 (SIGIO) received
2026/01/28 22:52:07 [notice] 1#1: signal 17 (SIGCHLD) received from 35
2026/01/28 22:52:07 [notice] 1#1: signal 17 (SIGCHLD) received from 34
2026/01/28 22:52:07 [notice] 1#1: worker process 34 exited with code 0
2026/01/28 22:52:07 [notice] 1#1: signal 29 (SIGIO) received
2026/01/28 22:52:07 [notice] 1#1: signal 17 (SIGCHLD) received from 28
2026/01/28 22:52:07 [notice] 1#1: worker process 28 exited with code 0
2026/01/28 22:52:07 [notice] 1#1: worker process 36 exited with code 0
2026/01/28 22:52:07 [notice] 1#1: worker process 30 exited with code 0
2026/01/28 22:52:07 [notice] 1#1: exit
2026/01/28 22:52:07 [notice] 1#1: using the "epoll" event method
2026/01/28 22:52:07 [notice] 1#1: nginx/1.29.0
2026/01/28 22:52:07 [notice] 1#1: built by gcc 12.2.0 (Debian 12.2.0-14+deb12u1) 
2026/01/28 22:52:07 [notice] 1#1: OS: Linux 6.8.0-90-generic
2026/01/28 22:52:07 [notice] 1#1: getrlimit(RLIMIT_NOFILE): 1048576:1048576
2026/01/28 22:52:07 [notice] 1#1: start worker processes
2026/01/28 22:52:07 [notice] 1#1: start worker process 28
2026/01/28 22:52:07 [notice] 1#1: start worker process 29
2026/01/28 22:52:07 [notice] 1#1: start worker process 30
2026/01/28 22:52:07 [notice] 1#1: start worker process 31
2026/01/28 22:52:07 [notice] 1#1: start worker process 32
2026/01/28 22:52:07 [notice] 1#1: start worker process 33
2026/01/28 22:52:07 [notice] 1#1: start worker process 34
2026/01/28 22:52:07 [notice] 1#1: start worker process 35
2026/01/28 22:52:07 [notice] 1#1: start worker process 36
2026/01/28 22:52:07 [notice] 1#1: start worker process 37
2026/01/28 22:52:07 [notice] 1#1: start worker process 38
2026/01/28 22:52:07 [notice] 1#1: start worker process 39
2026/01/29 00:38:20 [notice] 1#1: signal 3 (SIGQUIT) received, shutting down
2026/01/29 00:38:20 [notice] 29#29: gracefully shutting down
2026/01/29 00:38:20 [notice] 30#30: gracefully shutting down
2026/01/29 00:38:20 [notice] 31#31: gracefully shutting down
2026/01/29 00:38:20 [notice] 32#32: gracefully shutting down
2026/01/29 00:38:20 [notice] 34#34: gracefully shutting down
2026/01/29 00:38:20 [notice] 33#33: gracefully shutting down
2026/01/29 00:38:20 [notice] 31#31: exiting
2026/01/29 00:38:20 [notice] 35#35: gracefully shutting down
2026/01/29 00:38:20 [notice] 29#29: exiting
2026/01/29 00:38:20 [notice] 30#30: exiting
2026/01/29 00:38:20 [notice] 36#36: gracefully shutting down
2026/01/29 00:38:20 [notice] 32#32: exiting
2026/01/29 00:38:20 [notice] 28#28: gracefully shutting down
2026/01/29 00:38:20 [notice] 34#34: exiting
2026/01/29 00:38:20 [notice] 33#33: exiting
2026/01/29 00:38:20 [notice] 35#35: exiting
2026/01/29 00:38:20 [notice] 36#36: exiting
2026/01/29 00:38:20 [notice] 39#39: gracefully shutting down
2026/01/29 00:38:20 [notice] 37#37: gracefully shutting down
2026/01/29 00:38:20 [notice] 39#39: exiting
2026/01/29 00:38:20 [notice] 38#38: gracefully shutting down
2026/01/29 00:38:20 [notice] 37#37: exiting
2026/01/29 00:38:20 [notice] 38#38: exiting
2026/01/29 00:38:20 [notice] 28#28: exiting
2026/01/29 00:38:20 [notice] 29#29: exit
2026/01/29 00:38:20 [notice] 33#33: exit
2026/01/29 00:38:20 [notice] 34#34: exit
2026/01/29 00:38:20 [notice] 39#39: exit
2026/01/29 00:38:20 [notice] 38#38: exit
2026/01/29 00:38:20 [notice] 32#32: exit
2026/01/29 00:38:20 [notice] 30#30: exit
2026/01/29 00:38:20 [notice] 37#37: exit
2026/01/29 00:38:20 [notice] 28#28: exit
2026/01/29 00:38:20 [notice] 31#31: exit
2026/01/29 00:38:20 [notice] 35#35: exit
2026/01/29 00:38:20 [notice] 36#36: exit
2026/01/29 00:38:20 [notice] 1#1: signal 17 (SIGCHLD) received from 39
2026/01/29 00:38:20 [notice] 1#1: worker process 30 exited with code 0
2026/01/29 00:38:20 [notice] 1#1: worker process 36 exited with code 0
2026/01/29 00:38:20 [notice] 1#1: worker process 39 exited with code 0
2026/01/29 00:38:20 [notice] 1#1: signal 29 (SIGIO) received
2026/01/29 00:38:20 [notice] 1#1: signal 17 (SIGCHLD) received from 38
2026/01/29 00:38:20 [notice] 1#1: worker process 38 exited with code 0
2026/01/29 00:38:20 [notice] 1#1: worker process 31 exited with code 0
2026/01/29 00:38:20 [notice] 1#1: signal 29 (SIGIO) received
2026/01/29 00:38:20 [notice] 1#1: signal 17 (SIGCHLD) received from 31
2026/01/29 00:38:20 [notice] 1#1: signal 17 (SIGCHLD) received from 34
2026/01/29 00:38:20 [notice] 1#1: worker process 34 exited with code 0
2026/01/29 00:38:20 [notice] 1#1: signal 29 (SIGIO) received
2026/01/29 00:38:20 [notice] 1#1: signal 17 (SIGCHLD) received from 28
2026/01/29 00:38:20 [notice] 1#1: worker process 28 exited with code 0
2026/01/29 00:38:20 [notice] 1#1: signal 29 (SIGIO) received
2026/01/29 00:38:20 [notice] 1#1: signal 17 (SIGCHLD) received from 37
2026/01/29 00:38:20 [notice] 1#1: worker process 37 exited with code 0
2026/01/29 00:38:20 [notice] 1#1: worker process 32 exited with code 0
2026/01/29 00:38:20 [notice] 1#1: worker process 35 exited with code 0
2026/01/29 00:38:20 [notice] 1#1: signal 29 (SIGIO) received
2026/01/29 00:38:20 [notice] 1#1: signal 17 (SIGCHLD) received from 35
2026/01/29 00:38:20 [notice] 1#1: signal 17 (SIGCHLD) received from 33
2026/01/29 00:38:20 [notice] 1#1: worker process 33 exited with code 0
2026/01/29 00:38:20 [notice] 1#1: signal 17 (SIGCHLD) received from 29
2026/01/29 00:38:20 [notice] 1#1: worker process 29 exited with code 0
2026/01/29 00:38:20 [notice] 1#1: exit
2026/01/29 00:38:21 [notice] 1#1: using the "epoll" event method
2026/01/29 00:38:21 [notice] 1#1: nginx/1.29.0
2026/01/29 00:38:21 [notice] 1#1: built by gcc 12.2.0 (Debian 12.2.0-14+deb12u1) 
2026/01/29 00:38:21 [notice] 1#1: OS: Linux 6.8.0-90-generic
2026/01/29 00:38:21 [notice] 1#1: getrlimit(RLIMIT_NOFILE): 1048576:1048576
2026/01/29 00:38:21 [notice] 1#1: start worker processes
2026/01/29 00:38:21 [notice] 1#1: start worker process 28
2026/01/29 00:38:21 [notice] 1#1: start worker process 29
2026/01/29 00:38:21 [notice] 1#1: start worker process 30
2026/01/29 00:38:21 [notice] 1#1: start worker process 31
2026/01/29 00:38:21 [notice] 1#1: start worker process 32
2026/01/29 00:38:21 [notice] 1#1: start worker process 33
2026/01/29 00:38:21 [notice] 1#1: start worker process 34
2026/01/29 00:38:21 [notice] 1#1: start worker process 35
2026/01/29 00:38:21 [notice] 1#1: start worker process 36
2026/01/29 00:38:21 [notice] 1#1: start worker process 37
2026/01/29 00:38:21 [notice] 1#1: start worker process 38
2026/01/29 00:38:21 [notice] 1#1: start worker process 39
2026/01/29 00:52:46 [notice] 1#1: signal 3 (SIGQUIT) received, shutting down
2026/01/29 00:52:46 [notice] 30#30: gracefully shutting down
2026/01/29 00:52:46 [notice] 33#33: gracefully shutting down
2026/01/29 00:52:46 [notice] 30#30: exiting
2026/01/29 00:52:46 [notice] 37#37: gracefully shutting down
2026/01/29 00:52:46 [notice] 31#31: gracefully shutting down
2026/01/29 00:52:46 [notice] 33#33: exiting
2026/01/29 00:52:46 [notice] 37#37: exiting
2026/01/29 00:52:46 [notice] 31#31: exiting
2026/01/29 00:52:46 [notice] 30#30: exit
2026/01/29 00:52:46 [notice] 33#33: exit
2026/01/29 00:52:46 [notice] 31#31: exit
2026/01/29 00:52:46 [notice] 37#37: exit
2026/01/29 00:52:46 [notice] 39#39: gracefully shutting down
2026/01/29 00:52:46 [notice] 28#28: gracefully shutting down
2026/01/29 00:52:46 [notice] 38#38: gracefully shutting down
2026/01/29 00:52:46 [notice] 34#34: gracefully shutting down
2026/01/29 00:52:46 [notice] 35#35: gracefully shutting down
2026/01/29 00:52:46 [notice] 32#32: gracefully shutting down
2026/01/29 00:52:46 [notice] 29#29: gracefully shutting down
2026/01/29 00:52:46 [notice] 39#39: exiting
2026/01/29 00:52:46 [notice] 28#28: exiting
2026/01/29 00:52:46 [notice] 32#32: exiting
2026/01/29 00:52:46 [notice] 38#38: exiting
2026/01/29 00:52:46 [notice] 29#29: exiting
2026/01/29 00:52:46 [notice] 32#32: exit
2026/01/29 00:52:46 [notice] 39#39: exit
2026/01/29 00:52:46 [notice] 29#29: exit
2026/01/29 00:52:46 [notice] 28#28: exit
2026/01/29 00:52:46 [notice] 38#38: exit
2026/01/29 00:52:46 [notice] 35#35: exiting
2026/01/29 00:52:46 [notice] 35#35: exit
2026/01/29 00:52:46 [notice] 36#36: gracefully shutting down
2026/01/29 00:52:46 [notice] 36#36: exiting
2026/01/29 00:52:46 [notice] 36#36: exit
2026/01/29 00:52:46 [notice] 34#34: exiting
2026/01/29 00:52:46 [notice] 34#34: exit
2026/01/29 00:52:46 [notice] 1#1: signal 17 (SIGCHLD) received from 30
2026/01/29 00:52:46 [notice] 1#1: worker process 30 exited with code 0
2026/01/29 00:52:46 [notice] 1#1: signal 29 (SIGIO) received
2026/01/29 00:52:46 [notice] 1#1: signal 17 (SIGCHLD) received from 39
2026/01/29 00:52:46 [notice] 1#1: worker process 39 exited with code 0
2026/01/29 00:52:46 [notice] 1#1: worker process 28 exited with code 0
2026/01/29 00:52:46 [notice] 1#1: signal 29 (SIGIO) received
2026/01/29 00:52:46 [notice] 1#1: signal 17 (SIGCHLD) received from 28
2026/01/29 00:52:46 [notice] 1#1: signal 17 (SIGCHLD) received from 32
2026/01/29 00:52:46 [notice] 1#1: worker process 29 exited with code 0
2026/01/29 00:52:46 [notice] 1#1: worker process 32 exited with code 0
2026/01/29 00:52:46 [notice] 1#1: worker process 37 exited with code 0
2026/01/29 00:52:46 [notice] 1#1: worker process 38 exited with code 0
2026/01/29 00:52:46 [notice] 1#1: signal 29 (SIGIO) received
2026/01/29 00:52:46 [notice] 1#1: signal 17 (SIGCHLD) received from 38
2026/01/29 00:52:46 [notice] 1#1: signal 17 (SIGCHLD) received from 35
2026/01/29 00:52:46 [notice] 1#1: worker process 35 exited with code 0
2026/01/29 00:52:46 [notice] 1#1: signal 29 (SIGIO) received
2026/01/29 00:52:46 [notice] 1#1: signal 17 (SIGCHLD) received from 36
2026/01/29 00:52:46 [notice] 1#1: worker process 36 exited with code 0
2026/01/29 00:52:46 [notice] 1#1: signal 29 (SIGIO) received
2026/01/29 00:52:46 [notice] 1#1: signal 17 (SIGCHLD) received from 33
2026/01/29 00:52:46 [notice] 1#1: worker process 33 exited with code 0
2026/01/29 00:52:46 [notice] 1#1: signal 29 (SIGIO) received
2026/01/29 00:52:46 [notice] 1#1: signal 17 (SIGCHLD) received from 31
2026/01/29 00:52:46 [notice] 1#1: worker process 31 exited with code 0
2026/01/29 00:52:46 [notice] 1#1: worker process 34 exited with code 0
2026/01/29 00:52:46 [notice] 1#1: exit
2026/01/29 00:52:46 [notice] 1#1: using the "epoll" event method
2026/01/29 00:52:46 [notice] 1#1: nginx/1.29.0
2026/01/29 00:52:46 [notice] 1#1: built by gcc 12.2.0 (Debian 12.2.0-14+deb12u1) 
2026/01/29 00:52:46 [notice] 1#1: OS: Linux 6.8.0-90-generic
2026/01/29 00:52:46 [notice] 1#1: getrlimit(RLIMIT_NOFILE): 1048576:1048576
2026/01/29 00:52:46 [notice] 1#1: start worker processes
2026/01/29 00:52:46 [notice] 1#1: start worker process 28
2026/01/29 00:52:46 [notice] 1#1: start worker process 29
2026/01/29 00:52:46 [notice] 1#1: start worker process 30
2026/01/29 00:52:46 [notice] 1#1: start worker process 31
2026/01/29 00:52:46 [notice] 1#1: start worker process 32
2026/01/29 00:52:46 [notice] 1#1: start worker process 33
2026/01/29 00:52:46 [notice] 1#1: start worker process 34
2026/01/29 00:52:46 [notice] 1#1: start worker process 35
2026/01/29 00:52:46 [notice] 1#1: start worker process 36
2026/01/29 00:52:46 [notice] 1#1: start worker process 37
2026/01/29 00:52:46 [notice] 1#1: start worker process 38
2026/01/29 00:52:46 [notice] 1#1: start worker process 39
2026/01/29 00:55:23 [notice] 1#1: signal 3 (SIGQUIT) received, shutting down
2026/01/29 00:55:23 [notice] 28#28: gracefully shutting down
2026/01/29 00:55:23 [notice] 29#29: gracefully shutting down
2026/01/29 00:55:23 [notice] 30#30: gracefully shutting down
2026/01/29 00:55:23 [notice] 31#31: gracefully shutting down
2026/01/29 00:55:23 [notice] 28#28: exiting
2026/01/29 00:55:23 [notice] 32#32: gracefully shutting down
2026/01/29 00:55:23 [notice] 33#33: gracefully shutting down
2026/01/29 00:55:23 [notice] 34#34: gracefully shutting down
2026/01/29 00:55:23 [notice] 29#29: exiting
2026/01/29 00:55:23 [notice] 30#30: exiting
2026/01/29 00:55:23 [notice] 31#31: exiting
2026/01/29 00:55:23 [notice] 35#35: gracefully shutting down
2026/01/29 00:55:23 [notice] 32#32: exiting
2026/01/29 00:55:23 [notice] 33#33: exiting
2026/01/29 00:55:23 [notice] 34#34: exiting
2026/01/29 00:55:23 [notice] 28#28: exit
2026/01/29 00:55:23 [notice] 35#35: exiting
2026/01/29 00:55:23 [notice] 29#29: exit
2026/01/29 00:55:23 [notice] 30#30: exit
2026/01/29 00:55:23 [notice] 33#33: exit
2026/01/29 00:55:23 [notice] 32#32: exit
2026/01/29 00:55:23 [notice] 34#34: exit
2026/01/29 00:55:23 [notice] 35#35: exit
2026/01/29 00:55:23 [notice] 31#31: exit
2026/01/29 00:55:23 [notice] 37#37: gracefully shutting down
2026/01/29 00:55:23 [notice] 38#38: gracefully shutting down
2026/01/29 00:55:23 [notice] 37#37: exiting
2026/01/29 00:55:23 [notice] 38#38: exiting
2026/01/29 00:55:23 [notice] 37#37: exit
2026/01/29 00:55:23 [notice] 38#38: exit
2026/01/29 00:55:23 [notice] 36#36: gracefully shutting down
2026/01/29 00:55:23 [notice] 36#36: exiting
2026/01/29 00:55:23 [notice] 36#36: exit
2026/01/29 00:55:23 [notice] 39#39: gracefully shutting down
2026/01/29 00:55:23 [notice] 39#39: exiting
2026/01/29 00:55:23 [notice] 39#39: exit
2026/01/29 00:55:23 [notice] 1#1: signal 17 (SIGCHLD) received from 36
2026/01/29 00:55:23 [notice] 1#1: worker process 29 exited with code 0
2026/01/29 00:55:23 [notice] 1#1: worker process 36 exited with code 0
2026/01/29 00:55:23 [notice] 1#1: signal 29 (SIGIO) received
2026/01/29 00:55:23 [notice] 1#1: signal 17 (SIGCHLD) received from 35
2026/01/29 00:55:23 [notice] 1#1: worker process 35 exited with code 0
2026/01/29 00:55:23 [notice] 1#1: signal 29 (SIGIO) received
2026/01/29 00:55:23 [notice] 1#1: signal 17 (SIGCHLD) received from 37
2026/01/29 00:55:23 [notice] 1#1: worker process 37 exited with code 0
2026/01/29 00:55:23 [notice] 1#1: signal 29 (SIGIO) received
2026/01/29 00:55:23 [notice] 1#1: signal 17 (SIGCHLD) received from 31
2026/01/29 00:55:23 [notice] 1#1: worker process 31 exited with code 0
2026/01/29 00:55:23 [notice] 1#1: signal 29 (SIGIO) received
2026/01/29 00:55:23 [notice] 1#1: signal 17 (SIGCHLD) received from 38
2026/01/29 00:55:23 [notice] 1#1: worker process 38 exited with code 0
2026/01/29 00:55:23 [notice] 1#1: signal 29 (SIGIO) received
2026/01/29 00:55:23 [notice] 1#1: signal 17 (SIGCHLD) received from 39
2026/01/29 00:55:23 [notice] 1#1: worker process 39 exited with code 0
2026/01/29 00:55:23 [notice] 1#1: worker process 33 exited with code 0
2026/01/29 00:55:23 [notice] 1#1: worker process 28 exited with code 0
2026/01/29 00:55:23 [notice] 1#1: signal 29 (SIGIO) received
2026/01/29 00:55:23 [notice] 1#1: signal 17 (SIGCHLD) received from 33
2026/01/29 00:55:23 [notice] 1#1: signal 17 (SIGCHLD) received from 30
2026/01/29 00:55:23 [notice] 1#1: worker process 30 exited with code 0
2026/01/29 00:55:23 [notice] 1#1: signal 29 (SIGIO) received
2026/01/29 00:55:23 [notice] 1#1: signal 17 (SIGCHLD) received from 34
2026/01/29 00:55:23 [notice] 1#1: worker process 34 exited with code 0
2026/01/29 00:55:23 [notice] 1#1: signal 29 (SIGIO) received
2026/01/29 00:55:23 [notice] 1#1: signal 17 (SIGCHLD) received from 32
2026/01/29 00:55:23 [notice] 1#1: worker process 32 exited with code 0
2026/01/29 00:55:23 [notice] 1#1: exit
2026/01/29 00:55:23 [notice] 1#1: using the "epoll" event method
2026/01/29 00:55:23 [notice] 1#1: nginx/1.29.0
2026/01/29 00:55:23 [notice] 1#1: built by gcc 12.2.0 (Debian 12.2.0-14+deb12u1) 
2026/01/29 00:55:23 [notice] 1#1: OS: Linux 6.8.0-90-generic
2026/01/29 00:55:23 [notice] 1#1: getrlimit(RLIMIT_NOFILE): 1048576:1048576
2026/01/29 00:55:23 [notice] 1#1: start worker processes
2026/01/29 00:55:23 [notice] 1#1: start worker process 28
2026/01/29 00:55:23 [notice] 1#1: start worker process 29
2026/01/29 00:55:23 [notice] 1#1: start worker process 30
2026/01/29 00:55:23 [notice] 1#1: start worker process 31
2026/01/29 00:55:23 [notice] 1#1: start worker process 32
2026/01/29 00:55:23 [notice] 1#1: start worker process 33
2026/01/29 00:55:23 [notice] 1#1: start worker process 34
2026/01/29 00:55:23 [notice] 1#1: start worker process 35
2026/01/29 00:55:23 [notice] 1#1: start worker process 36
2026/01/29 00:55:23 [notice] 1#1: start worker process 37
2026/01/29 00:55:23 [notice] 1#1: start worker process 38
2026/01/29 00:55:23 [notice] 1#1: start worker process 39
2026/01/29 01:03:44 [notice] 1#1: signal 3 (SIGQUIT) received, shutting down
2026/01/29 01:03:44 [notice] 28#28: gracefully shutting down
2026/01/29 01:03:44 [notice] 30#30: gracefully shutting down
2026/01/29 01:03:44 [notice] 29#29: gracefully shutting down
2026/01/29 01:03:44 [notice] 31#31: gracefully shutting down
2026/01/29 01:03:44 [notice] 33#33: gracefully shutting down
2026/01/29 01:03:44 [notice] 28#28: exiting
2026/01/29 01:03:44 [notice] 34#34: gracefully shutting down
2026/01/29 01:03:44 [notice] 31#31: exiting
2026/01/29 01:03:44 [notice] 30#30: exiting
2026/01/29 01:03:44 [notice] 37#37: gracefully shutting down
2026/01/29 01:03:44 [notice] 29#29: exiting
2026/01/29 01:03:44 [notice] 32#32: gracefully shutting down
2026/01/29 01:03:44 [notice] 33#33: exiting
2026/01/29 01:03:44 [notice] 35#35: gracefully shutting down
2026/01/29 01:03:44 [notice] 34#34: exiting
2026/01/29 01:03:44 [notice] 28#28: exit
2026/01/29 01:03:44 [notice] 37#37: exiting
2026/01/29 01:03:44 [notice] 30#30: exit
2026/01/29 01:03:44 [notice] 35#35: exiting
2026/01/29 01:03:44 [notice] 31#31: exit
2026/01/29 01:03:44 [notice] 32#32: exiting
2026/01/29 01:03:44 [notice] 33#33: exit
2026/01/29 01:03:44 [notice] 29#29: exit
2026/01/29 01:03:44 [notice] 37#37: exit
2026/01/29 01:03:44 [notice] 34#34: exit
2026/01/29 01:03:44 [notice] 35#35: exit
2026/01/29 01:03:44 [notice] 32#32: exit
2026/01/29 01:03:44 [notice] 36#36: gracefully shutting down
2026/01/29 01:03:44 [notice] 36#36: exiting
2026/01/29 01:03:44 [notice] 36#36: exit
2026/01/29 01:03:44 [notice] 38#38: gracefully shutting down
2026/01/29 01:03:44 [notice] 39#39: gracefully shutting down
2026/01/29 01:03:44 [notice] 38#38: exiting
2026/01/29 01:03:44 [notice] 39#39: exiting
2026/01/29 01:03:44 [notice] 38#38: exit
2026/01/29 01:03:44 [notice] 39#39: exit
2026/01/29 01:03:44 [notice] 1#1: signal 17 (SIGCHLD) received from 28
2026/01/29 01:03:44 [notice] 1#1: worker process 28 exited with code 0
2026/01/29 01:03:44 [notice] 1#1: worker process 34 exited with code 0
2026/01/29 01:03:44 [notice] 1#1: worker process 36 exited with code 0
2026/01/29 01:03:44 [notice] 1#1: signal 29 (SIGIO) received
2026/01/29 01:03:44 [notice] 1#1: signal 17 (SIGCHLD) received from 36
2026/01/29 01:03:44 [notice] 1#1: signal 17 (SIGCHLD) received from 31
2026/01/29 01:03:44 [notice] 1#1: worker process 31 exited with code 0
2026/01/29 01:03:44 [notice] 1#1: signal 29 (SIGIO) received
2026/01/29 01:03:44 [notice] 1#1: signal 17 (SIGCHLD) received from 32
2026/01/29 01:03:44 [notice] 1#1: worker process 32 exited with code 0
2026/01/29 01:03:44 [notice] 1#1: worker process 30 exited with code 0
2026/01/29 01:03:44 [notice] 1#1: worker process 29 exited with code 0
2026/01/29 01:03:44 [notice] 1#1: worker process 35 exited with code 0
2026/01/29 01:03:44 [notice] 1#1: worker process 37 exited with code 0
2026/01/29 01:03:44 [notice] 1#1: worker process 38 exited with code 0
2026/01/29 01:03:44 [notice] 1#1: worker process 39 exited with code 0
2026/01/29 01:03:44 [notice] 1#1: signal 29 (SIGIO) received
2026/01/29 01:03:44 [notice] 1#1: signal 17 (SIGCHLD) received from 39
2026/01/29 01:03:44 [notice] 1#1: signal 17 (SIGCHLD) received from 33
2026/01/29 01:03:44 [notice] 1#1: worker process 33 exited with code 0
2026/01/29 01:03:44 [notice] 1#1: exit
2026/01/29 01:03:45 [notice] 1#1: using the "epoll" event method
2026/01/29 01:03:45 [notice] 1#1: nginx/1.29.0
2026/01/29 01:03:45 [notice] 1#1: built by gcc 12.2.0 (Debian 12.2.0-14+deb12u1) 
2026/01/29 01:03:45 [notice] 1#1: OS: Linux 6.8.0-90-generic
2026/01/29 01:03:45 [notice] 1#1: getrlimit(RLIMIT_NOFILE): 1048576:1048576
2026/01/29 01:03:45 [notice] 1#1: start worker processes
2026/01/29 01:03:45 [notice] 1#1: start worker process 28
2026/01/29 01:03:45 [notice] 1#1: start worker process 29
2026/01/29 01:03:45 [notice] 1#1: start worker process 30
2026/01/29 01:03:45 [notice] 1#1: start worker process 31
2026/01/29 01:03:45 [notice] 1#1: start worker process 32
2026/01/29 01:03:45 [notice] 1#1: start worker process 33
2026/01/29 01:03:45 [notice] 1#1: start worker process 34
2026/01/29 01:03:45 [notice] 1#1: start worker process 35
2026/01/29 01:03:45 [notice] 1#1: start worker process 36
2026/01/29 01:03:45 [notice] 1#1: start worker process 37
2026/01/29 01:03:45 [notice] 1#1: start worker process 38
2026/01/29 01:03:45 [notice] 1#1: start worker process 39
2026/01/29 02:57:34 [notice] 1#1: signal 3 (SIGQUIT) received, shutting down
2026/01/29 02:57:35 [notice] 28#28: gracefully shutting down
2026/01/29 02:57:35 [notice] 29#29: gracefully shutting down
2026/01/29 02:57:35 [notice] 30#30: gracefully shutting down
2026/01/29 02:57:35 [notice] 31#31: gracefully shutting down
2026/01/29 02:57:35 [notice] 32#32: gracefully shutting down
2026/01/29 02:57:35 [notice] 33#33: gracefully shutting down
2026/01/29 02:57:35 [notice] 34#34: gracefully shutting down
2026/01/29 02:57:35 [notice] 35#35: gracefully shutting down
2026/01/29 02:57:35 [notice] 36#36: gracefully shutting down
2026/01/29 02:57:35 [notice] 37#37: gracefully shutting down
2026/01/29 02:57:35 [notice] 38#38: gracefully shutting down
2026/01/29 02:57:35 [notice] 39#39: gracefully shutting down
2026/01/29 02:57:35 [notice] 28#28: exiting
2026/01/29 02:57:35 [notice] 29#29: exiting
2026/01/29 02:57:35 [notice] 30#30: exiting
2026/01/29 02:57:35 [notice] 32#32: exiting
2026/01/29 02:57:35 [notice] 33#33: exiting
2026/01/29 02:57:35 [notice] 34#34: exiting
2026/01/29 02:57:35 [notice] 36#36: exiting
2026/01/29 02:57:35 [notice] 35#35: exiting
2026/01/29 02:57:35 [notice] 37#37: exiting
2026/01/29 02:57:35 [notice] 31#31: exiting
2026/01/29 02:57:35 [notice] 38#38: exiting
2026/01/29 02:57:35 [notice] 39#39: exiting
2026/01/29 02:57:35 [notice] 30#30: exit
2026/01/29 02:57:35 [notice] 38#38: exit
2026/01/29 02:57:35 [notice] 36#36: exit
2026/01/29 02:57:35 [notice] 33#33: exit
2026/01/29 02:57:35 [notice] 35#35: exit
2026/01/29 02:57:35 [notice] 28#28: exit
2026/01/29 02:57:35 [notice] 37#37: exit
2026/01/29 02:57:35 [notice] 32#32: exit
2026/01/29 02:57:35 [notice] 29#29: exit
2026/01/29 02:57:35 [notice] 34#34: exit
2026/01/29 02:57:35 [notice] 39#39: exit
2026/01/29 02:57:35 [notice] 31#31: exit
2026/01/29 02:57:35 [notice] 1#1: signal 17 (SIGCHLD) received from 37
2026/01/29 02:57:35 [notice] 1#1: worker process 28 exited with code 0
2026/01/29 02:57:35 [notice] 1#1: worker process 29 exited with code 0
2026/01/29 02:57:35 [notice] 1#1: worker process 30 exited with code 0
2026/01/29 02:57:35 [notice] 1#1: worker process 31 exited with code 0
2026/01/29 02:57:35 [notice] 1#1: worker process 34 exited with code 0
2026/01/29 02:57:35 [notice] 1#1: worker process 35 exited with code 0
2026/01/29 02:57:35 [notice] 1#1: worker process 36 exited with code 0
2026/01/29 02:57:35 [notice] 1#1: worker process 33 exited with code 0
2026/01/29 02:57:35 [notice] 1#1: worker process 37 exited with code 0
2026/01/29 02:57:35 [notice] 1#1: worker process 38 exited with code 0
2026/01/29 02:57:35 [notice] 1#1: worker process 39 exited with code 0
2026/01/29 02:57:35 [notice] 1#1: signal 29 (SIGIO) received
2026/01/29 02:57:35 [notice] 1#1: signal 17 (SIGCHLD) received from 39
2026/01/29 02:57:35 [notice] 1#1: signal 17 (SIGCHLD) received from 32
2026/01/29 02:57:35 [notice] 1#1: worker process 32 exited with code 0
2026/01/29 02:57:35 [notice] 1#1: exit
2026/02/02 13:46:54 [notice] 1#1: using the "epoll" event method
2026/02/02 13:46:54 [notice] 1#1: nginx/1.29.0
2026/02/02 13:46:54 [notice] 1#1: built by gcc 12.2.0 (Debian 12.2.0-14+deb12u1) 
2026/02/02 13:46:54 [notice] 1#1: OS: Linux 6.8.0-90-generic
2026/02/02 13:46:54 [notice] 1#1: getrlimit(RLIMIT_NOFILE): 1048576:1048576
2026/02/02 13:46:54 [notice] 1#1: start worker processes
2026/02/02 13:46:54 [notice] 1#1: start worker process 28
2026/02/02 13:46:54 [notice] 1#1: start worker process 29
2026/02/02 13:46:54 [notice] 1#1: start worker process 30
2026/02/02 13:46:54 [notice] 1#1: start worker process 31
2026/02/02 13:46:54 [notice] 1#1: start worker process 32
2026/02/02 13:46:54 [notice] 1#1: start worker process 33
2026/02/02 13:46:54 [notice] 1#1: start worker process 34
2026/02/02 13:46:54 [notice] 1#1: start worker process 35
2026/02/02 13:46:54 [notice] 1#1: start worker process 36
2026/02/02 13:46:54 [notice] 1#1: start worker process 37
2026/02/02 13:46:54 [notice] 1#1: start worker process 38
2026/02/02 13:46:54 [notice] 1#1: start worker process 39
2026/02/02 16:41:30 [notice] 1#1: signal 3 (SIGQUIT) received, shutting down
2026/02/02 16:41:30 [notice] 36#36: gracefully shutting down
2026/02/02 16:41:30 [notice] 37#37: gracefully shutting down
2026/02/02 16:41:30 [notice] 38#38: gracefully shutting down
2026/02/02 16:41:30 [notice] 39#39: gracefully shutting down
2026/02/02 16:41:30 [notice] 29#29: gracefully shutting down
2026/02/02 16:41:30 [notice] 30#30: gracefully shutting down
2026/02/02 16:41:30 [notice] 35#35: gracefully shutting down
2026/02/02 16:41:30 [notice] 31#31: gracefully shutting down
2026/02/02 16:41:30 [notice] 32#32: gracefully shutting down
2026/02/02 16:41:30 [notice] 28#28: gracefully shutting down
2026/02/02 16:41:30 [notice] 34#34: gracefully shutting down
2026/02/02 16:41:30 [notice] 33#33: gracefully shutting down
2026/02/02 16:41:30 [notice] 38#38: exiting
2026/02/02 16:41:30 [notice] 37#37: exiting
2026/02/02 16:41:30 [notice] 36#36: exiting
2026/02/02 16:41:30 [notice] 30#30: exiting
2026/02/02 16:41:30 [notice] 39#39: exiting
2026/02/02 16:41:30 [notice] 35#35: exiting
2026/02/02 16:41:30 [notice] 34#34: exiting
2026/02/02 16:41:30 [notice] 28#28: exiting
2026/02/02 16:41:30 [notice] 33#33: exiting
2026/02/02 16:41:30 [notice] 32#32: exiting
2026/02/02 16:41:30 [notice] 29#29: exiting
2026/02/02 16:41:30 [notice] 31#31: exiting
2026/02/02 16:41:30 [notice] 39#39: exit
2026/02/02 16:41:30 [notice] 28#28: exit
2026/02/02 16:41:30 [notice] 33#33: exit
2026/02/02 16:41:30 [notice] 30#30: exit
2026/02/02 16:41:30 [notice] 35#35: exit
2026/02/02 16:41:30 [notice] 31#31: exit
2026/02/02 16:41:30 [notice] 38#38: exit
2026/02/02 16:41:30 [notice] 32#32: exit
2026/02/02 16:41:30 [notice] 34#34: exit
2026/02/02 16:41:30 [notice] 36#36: exit
2026/02/02 16:41:30 [notice] 29#29: exit
2026/02/02 16:41:30 [notice] 37#37: exit
2026/02/02 16:41:30 [notice] 1#1: signal 17 (SIGCHLD) received from 34
2026/02/02 16:41:30 [notice] 1#1: worker process 28 exited with code 0
2026/02/02 16:41:30 [notice] 1#1: worker process 33 exited with code 0
2026/02/02 16:41:30 [notice] 1#1: worker process 34 exited with code 0
2026/02/02 16:41:30 [notice] 1#1: worker process 36 exited with code 0
2026/02/02 16:41:30 [notice] 1#1: worker process 37 exited with code 0
2026/02/02 16:41:30 [notice] 1#1: signal 29 (SIGIO) received
2026/02/02 16:41:30 [notice] 1#1: signal 17 (SIGCHLD) received from 28
2026/02/02 16:41:30 [notice] 1#1: signal 17 (SIGCHLD) received from 29
2026/02/02 16:41:30 [notice] 1#1: worker process 29 exited with code 0
2026/02/02 16:41:30 [notice] 1#1: worker process 30 exited with code 0
2026/02/02 16:41:30 [notice] 1#1: worker process 31 exited with code 0
2026/02/02 16:41:30 [notice] 1#1: worker process 32 exited with code 0
2026/02/02 16:41:30 [notice] 1#1: worker process 35 exited with code 0
2026/02/02 16:41:30 [notice] 1#1: worker process 39 exited with code 0
2026/02/02 16:41:30 [notice] 1#1: signal 29 (SIGIO) received
2026/02/02 16:41:30 [notice] 1#1: signal 17 (SIGCHLD) received from 30
2026/02/02 16:41:30 [notice] 1#1: signal 17 (SIGCHLD) received from 38
2026/02/02 16:41:30 [notice] 1#1: worker process 38 exited with code 0
2026/02/02 16:41:30 [notice] 1#1: exit
2026/02/02 16:51:23 [notice] 1#1: using the "epoll" event method
2026/02/02 16:51:23 [notice] 1#1: nginx/1.29.0
2026/02/02 16:51:23 [notice] 1#1: built by gcc 12.2.0 (Debian 12.2.0-14+deb12u1) 
2026/02/02 16:51:23 [notice] 1#1: OS: Linux 6.8.0-90-generic
2026/02/02 16:51:23 [notice] 1#1: getrlimit(RLIMIT_NOFILE): 1048576:1048576
2026/02/02 16:51:23 [notice] 1#1: start worker processes
2026/02/02 16:51:23 [notice] 1#1: start worker process 28
2026/02/02 16:51:23 [notice] 1#1: start worker process 29
2026/02/02 16:51:23 [notice] 1#1: start worker process 30
2026/02/02 16:51:23 [notice] 1#1: start worker process 31
2026/02/02 16:51:23 [notice] 1#1: start worker process 32
2026/02/02 16:51:23 [notice] 1#1: start worker process 33
2026/02/02 16:51:23 [notice] 1#1: start worker process 34
2026/02/02 16:51:23 [notice] 1#1: start worker process 35
2026/02/02 16:51:23 [notice] 1#1: start worker process 36
2026/02/02 16:51:23 [notice] 1#1: start worker process 37
2026/02/02 16:51:23 [notice] 1#1: start worker process 38
2026/02/02 16:51:23 [notice] 1#1: start worker process 39
2026/02/02 17:08:41 [notice] 1#1: signal 3 (SIGQUIT) received, shutting down
2026/02/02 17:08:41 [notice] 28#28: gracefully shutting down
2026/02/02 17:08:41 [notice] 32#32: gracefully shutting down
2026/02/02 17:08:41 [notice] 32#32: exiting
2026/02/02 17:08:41 [notice] 29#29: gracefully shutting down
2026/02/02 17:08:41 [notice] 29#29: exiting
2026/02/02 17:08:41 [notice] 29#29: exit
2026/02/02 17:08:41 [notice] 28#28: exiting
2026/02/02 17:08:41 [notice] 28#28: exit
2026/02/02 17:08:41 [notice] 30#30: gracefully shutting down
2026/02/02 17:08:41 [notice] 36#36: gracefully shutting down
2026/02/02 17:08:41 [notice] 39#39: gracefully shutting down
2026/02/02 17:08:41 [notice] 30#30: exiting
2026/02/02 17:08:41 [notice] 36#36: exiting
2026/02/02 17:08:41 [notice] 39#39: exiting
2026/02/02 17:08:41 [notice] 30#30: exit
2026/02/02 17:08:41 [notice] 36#36: exit
2026/02/02 17:08:41 [notice] 39#39: exit
2026/02/02 17:08:41 [notice] 31#31: gracefully shutting down
2026/02/02 17:08:41 [notice] 31#31: exiting
2026/02/02 17:08:41 [notice] 31#31: exit
2026/02/02 17:08:41 [notice] 32#32: exit
2026/02/02 17:08:41 [notice] 33#33: gracefully shutting down
2026/02/02 17:08:41 [notice] 33#33: exiting
2026/02/02 17:08:41 [notice] 33#33: exit
2026/02/02 17:08:41 [notice] 34#34: gracefully shutting down
2026/02/02 17:08:41 [notice] 34#34: exiting
2026/02/02 17:08:41 [notice] 34#34: exit
2026/02/02 17:08:41 [notice] 35#35: gracefully shutting down
2026/02/02 17:08:41 [notice] 35#35: exiting
2026/02/02 17:08:41 [notice] 35#35: exit
2026/02/02 17:08:41 [notice] 37#37: gracefully shutting down
2026/02/02 17:08:41 [notice] 37#37: exiting
2026/02/02 17:08:41 [notice] 37#37: exit
2026/02/02 17:08:41 [notice] 38#38: gracefully shutting down
2026/02/02 17:08:41 [notice] 38#38: exiting
2026/02/02 17:08:41 [notice] 38#38: exit
2026/02/02 17:08:41 [notice] 1#1: signal 17 (SIGCHLD) received from 31
2026/02/02 17:08:41 [notice] 1#1: worker process 28 exited with code 0
2026/02/02 17:08:41 [notice] 1#1: worker process 29 exited with code 0
2026/02/02 17:08:41 [notice] 1#1: worker process 30 exited with code 0
2026/02/02 17:08:41 [notice] 1#1: worker process 31 exited with code 0
2026/02/02 17:08:41 [notice] 1#1: worker process 33 exited with code 0
2026/02/02 17:08:41 [notice] 1#1: worker process 34 exited with code 0
2026/02/02 17:08:41 [notice] 1#1: worker process 35 exited with code 0
2026/02/02 17:08:41 [notice] 1#1: worker process 36 exited with code 0
2026/02/02 17:08:41 [notice] 1#1: worker process 37 exited with code 0
2026/02/02 17:08:41 [notice] 1#1: worker process 38 exited with code 0
2026/02/02 17:08:41 [notice] 1#1: signal 29 (SIGIO) received
2026/02/02 17:08:41 [notice] 1#1: signal 17 (SIGCHLD) received from 39
2026/02/02 17:08:41 [notice] 1#1: worker process 39 exited with code 0
2026/02/02 17:08:41 [notice] 1#1: signal 29 (SIGIO) received
2026/02/02 17:08:41 [notice] 1#1: signal 17 (SIGCHLD) received from 32
2026/02/02 17:08:41 [notice] 1#1: worker process 32 exited with code 0
2026/02/02 17:08:41 [notice] 1#1: exit
2026/02/02 21:04:19 [notice] 1#1: using the "epoll" event method
2026/02/02 21:04:19 [notice] 1#1: nginx/1.29.0
2026/02/02 21:04:19 [notice] 1#1: built by gcc 12.2.0 (Debian 12.2.0-14+deb12u1) 
2026/02/02 21:04:19 [notice] 1#1: OS: Linux 6.8.0-90-generic
2026/02/02 21:04:19 [notice] 1#1: getrlimit(RLIMIT_NOFILE): 1048576:1048576
2026/02/02 21:04:19 [notice] 1#1: start worker processes
2026/02/02 21:04:19 [notice] 1#1: start worker process 28
2026/02/02 21:04:19 [notice] 1#1: start worker process 29
2026/02/02 21:04:19 [notice] 1#1: start worker process 30
2026/02/02 21:04:19 [notice] 1#1: start worker process 31
2026/02/02 21:04:19 [notice] 1#1: start worker process 32
2026/02/02 21:04:19 [notice] 1#1: start worker process 33
2026/02/02 21:04:19 [notice] 1#1: start worker process 34
2026/02/02 21:04:19 [notice] 1#1: start worker process 35
2026/02/02 21:04:19 [notice] 1#1: start worker process 36
2026/02/02 21:04:19 [notice] 1#1: start worker process 37
2026/02/02 21:04:19 [notice] 1#1: start worker process 38
2026/02/02 21:04:19 [notice] 1#1: start worker process 39
2026/02/03 01:49:01 [notice] 1#1: signal 3 (SIGQUIT) received, shutting down
2026/02/03 01:49:01 [notice] 28#28: gracefully shutting down
2026/02/03 01:49:01 [notice] 29#29: gracefully shutting down
2026/02/03 01:49:01 [notice] 36#36: gracefully shutting down
2026/02/03 01:49:01 [notice] 31#31: gracefully shutting down
2026/02/03 01:49:01 [notice] 30#30: gracefully shutting down
2026/02/03 01:49:01 [notice] 38#38: gracefully shutting down
2026/02/03 01:49:01 [notice] 39#39: gracefully shutting down
2026/02/03 01:49:01 [notice] 29#29: exiting
2026/02/03 01:49:01 [notice] 37#37: gracefully shutting down
2026/02/03 01:49:01 [notice] 32#32: gracefully shutting down
2026/02/03 01:49:01 [notice] 36#36: exiting
2026/02/03 01:49:01 [notice] 31#31: exiting
2026/02/03 01:49:01 [notice] 33#33: gracefully shutting down
2026/02/03 01:49:01 [notice] 30#30: exiting
2026/02/03 01:49:01 [notice] 28#28: exiting
2026/02/03 01:49:01 [notice] 38#38: exiting
2026/02/03 01:49:01 [notice] 34#34: gracefully shutting down
2026/02/03 01:49:01 [notice] 35#35: gracefully shutting down
2026/02/03 01:49:01 [notice] 39#39: exiting
2026/02/03 01:49:01 [notice] 37#37: exiting
2026/02/03 01:49:01 [notice] 30#30: exit
2026/02/03 01:49:01 [notice] 29#29: exit
2026/02/03 01:49:01 [notice] 31#31: exit
2026/02/03 01:49:01 [notice] 38#38: exit
2026/02/03 01:49:01 [notice] 33#33: exiting
2026/02/03 01:49:01 [notice] 28#28: exit
2026/02/03 01:49:01 [notice] 36#36: exit
2026/02/03 01:49:01 [notice] 34#34: exiting
2026/02/03 01:49:01 [notice] 32#32: exiting
2026/02/03 01:49:01 [notice] 39#39: exit
2026/02/03 01:49:01 [notice] 35#35: exiting
2026/02/03 01:49:01 [notice] 37#37: exit
2026/02/03 01:49:01 [notice] 33#33: exit
2026/02/03 01:49:01 [notice] 34#34: exit
2026/02/03 01:49:01 [notice] 32#32: exit
2026/02/03 01:49:01 [notice] 35#35: exit
2026/02/03 01:49:01 [notice] 1#1: signal 17 (SIGCHLD) received from 29
2026/02/03 01:49:01 [notice] 1#1: worker process 29 exited with code 0
2026/02/03 01:49:01 [notice] 1#1: worker process 32 exited with code 0
2026/02/03 01:49:01 [notice] 1#1: worker process 37 exited with code 0
2026/02/03 01:49:01 [notice] 1#1: signal 29 (SIGIO) received
2026/02/03 01:49:01 [notice] 1#1: signal 17 (SIGCHLD) received from 35
2026/02/03 01:49:01 [notice] 1#1: worker process 35 exited with code 0
2026/02/03 01:49:01 [notice] 1#1: signal 29 (SIGIO) received
2026/02/03 01:49:01 [notice] 1#1: signal 17 (SIGCHLD) received from 33
2026/02/03 01:49:01 [notice] 1#1: worker process 33 exited with code 0
2026/02/03 01:49:01 [notice] 1#1: signal 29 (SIGIO) received
2026/02/03 01:49:01 [notice] 1#1: signal 17 (SIGCHLD) received from 38
2026/02/03 01:49:01 [notice] 1#1: worker process 38 exited with code 0
2026/02/03 01:49:01 [notice] 1#1: signal 29 (SIGIO) received
2026/02/03 01:49:01 [notice] 1#1: signal 17 (SIGCHLD) received from 28
2026/02/03 01:49:01 [notice] 1#1: worker process 28 exited with code 0
2026/02/03 01:49:01 [notice] 1#1: signal 29 (SIGIO) received
2026/02/03 01:49:01 [notice] 1#1: signal 17 (SIGCHLD) received from 36
2026/02/03 01:49:01 [notice] 1#1: worker process 36 exited with code 0
2026/02/03 01:49:01 [notice] 1#1: signal 29 (SIGIO) received
2026/02/03 01:49:01 [notice] 1#1: signal 17 (SIGCHLD) received from 30
2026/02/03 01:49:01 [notice] 1#1: worker process 30 exited with code 0
2026/02/03 01:49:01 [notice] 1#1: signal 29 (SIGIO) received
2026/02/03 01:49:01 [notice] 1#1: signal 17 (SIGCHLD) received from 34
2026/02/03 01:49:01 [notice] 1#1: worker process 34 exited with code 0
2026/02/03 01:49:01 [notice] 1#1: signal 29 (SIGIO) received
2026/02/03 01:49:01 [notice] 1#1: signal 17 (SIGCHLD) received from 39
2026/02/03 01:49:01 [notice] 1#1: worker process 39 exited with code 0
2026/02/03 01:49:01 [notice] 1#1: signal 29 (SIGIO) received
2026/02/03 01:49:01 [notice] 1#1: signal 17 (SIGCHLD) received from 31
2026/02/03 01:49:01 [notice] 1#1: worker process 31 exited with code 0
2026/02/03 01:49:01 [notice] 1#1: exit
2026/02/03 03:28:16 [notice] 1#1: using the "epoll" event method
2026/02/03 03:28:16 [notice] 1#1: nginx/1.29.0
2026/02/03 03:28:16 [notice] 1#1: built by gcc 12.2.0 (Debian 12.2.0-14+deb12u1) 
2026/02/03 03:28:16 [notice] 1#1: OS: Linux 6.8.0-90-generic
2026/02/03 03:28:16 [notice] 1#1: getrlimit(RLIMIT_NOFILE): 1048576:1048576
2026/02/03 03:28:16 [notice] 1#1: start worker processes
2026/02/03 03:28:16 [notice] 1#1: start worker process 28
2026/02/03 03:28:16 [notice] 1#1: start worker process 29
2026/02/03 03:28:16 [notice] 1#1: start worker process 30
2026/02/03 03:28:16 [notice] 1#1: start worker process 31
2026/02/03 03:28:16 [notice] 1#1: start worker process 32
2026/02/03 03:28:16 [notice] 1#1: start worker process 33
2026/02/03 03:28:16 [notice] 1#1: start worker process 34
2026/02/03 03:28:16 [notice] 1#1: start worker process 35
2026/02/03 03:28:16 [notice] 1#1: start worker process 36
2026/02/03 03:28:16 [notice] 1#1: start worker process 37
2026/02/03 03:28:16 [notice] 1#1: start worker process 38
2026/02/03 03:28:16 [notice] 1#1: start worker process 39
2026/02/03 04:07:29 [notice] 1#1: signal 3 (SIGQUIT) received, shutting down
2026/02/03 04:07:29 [notice] 28#28: gracefully shutting down
2026/02/03 04:07:29 [notice] 28#28: exiting
2026/02/03 04:07:29 [notice] 29#29: gracefully shutting down
2026/02/03 04:07:29 [notice] 28#28: exit
2026/02/03 04:07:29 [notice] 29#29: exiting
2026/02/03 04:07:29 [notice] 29#29: exit
2026/02/03 04:07:29 [notice] 30#30: gracefully shutting down
2026/02/03 04:07:29 [notice] 30#30: exiting
2026/02/03 04:07:29 [notice] 30#30: exit
2026/02/03 04:07:29 [notice] 31#31: gracefully shutting down
2026/02/03 04:07:29 [notice] 31#31: exiting
2026/02/03 04:07:29 [notice] 31#31: exit
2026/02/03 04:07:29 [notice] 38#38: gracefully shutting down
2026/02/03 04:07:29 [notice] 38#38: exiting
2026/02/03 04:07:29 [notice] 38#38: exit
2026/02/03 04:07:29 [notice] 32#32: gracefully shutting down
2026/02/03 04:07:29 [notice] 32#32: exiting
2026/02/03 04:07:29 [notice] 32#32: exit
2026/02/03 04:07:29 [notice] 33#33: gracefully shutting down
2026/02/03 04:07:29 [notice] 33#33: exiting
2026/02/03 04:07:29 [notice] 33#33: exit
2026/02/03 04:07:29 [notice] 34#34: gracefully shutting down
2026/02/03 04:07:29 [notice] 34#34: exiting
2026/02/03 04:07:29 [notice] 34#34: exit
2026/02/03 04:07:29 [notice] 35#35: gracefully shutting down
2026/02/03 04:07:29 [notice] 35#35: exiting
2026/02/03 04:07:29 [notice] 35#35: exit
2026/02/03 04:07:29 [notice] 36#36: gracefully shutting down
2026/02/03 04:07:29 [notice] 36#36: exiting
2026/02/03 04:07:29 [notice] 36#36: exit
2026/02/03 04:07:29 [notice] 37#37: gracefully shutting down
2026/02/03 04:07:29 [notice] 37#37: exiting
2026/02/03 04:07:29 [notice] 37#37: exit
2026/02/03 04:07:29 [notice] 39#39: gracefully shutting down
2026/02/03 04:07:29 [notice] 39#39: exiting
2026/02/03 04:07:29 [notice] 39#39: exit
2026/02/03 04:07:29 [notice] 1#1: signal 17 (SIGCHLD) received from 38
2026/02/03 04:07:29 [notice] 1#1: worker process 38 exited with code 0
2026/02/03 04:07:29 [notice] 1#1: worker process 28 exited with code 0
2026/02/03 04:07:29 [notice] 1#1: signal 29 (SIGIO) received
2026/02/03 04:07:29 [notice] 1#1: signal 17 (SIGCHLD) received from 28
2026/02/03 04:07:29 [notice] 1#1: worker process 31 exited with code 0
2026/02/03 04:07:29 [notice] 1#1: signal 29 (SIGIO) received
2026/02/03 04:07:29 [notice] 1#1: signal 17 (SIGCHLD) received from 34
2026/02/03 04:07:29 [notice] 1#1: worker process 34 exited with code 0
2026/02/03 04:07:29 [notice] 1#1: signal 29 (SIGIO) received
2026/02/03 04:07:29 [notice] 1#1: signal 17 (SIGCHLD) received from 33
2026/02/03 04:07:29 [notice] 1#1: worker process 33 exited with code 0
2026/02/03 04:07:29 [notice] 1#1: signal 29 (SIGIO) received
2026/02/03 04:07:29 [notice] 1#1: signal 17 (SIGCHLD) received from 35
2026/02/03 04:07:29 [notice] 1#1: worker process 35 exited with code 0
2026/02/03 04:07:29 [notice] 1#1: worker process 37 exited with code 0
2026/02/03 04:07:29 [notice] 1#1: signal 29 (SIGIO) received
2026/02/03 04:07:29 [notice] 1#1: signal 17 (SIGCHLD) received from 32
2026/02/03 04:07:29 [notice] 1#1: worker process 29 exited with code 0
2026/02/03 04:07:29 [notice] 1#1: worker process 32 exited with code 0
2026/02/03 04:07:29 [notice] 1#1: signal 29 (SIGIO) received
2026/02/03 04:07:29 [notice] 1#1: signal 17 (SIGCHLD) received from 30
2026/02/03 04:07:29 [notice] 1#1: worker process 30 exited with code 0
2026/02/03 04:07:29 [notice] 1#1: signal 29 (SIGIO) received
2026/02/03 04:07:29 [notice] 1#1: signal 17 (SIGCHLD) received from 39
2026/02/03 04:07:29 [notice] 1#1: worker process 39 exited with code 0
2026/02/03 04:07:29 [notice] 1#1: worker process 36 exited with code 0
2026/02/03 04:07:29 [notice] 1#1: exit
